model_id,model,architecture,tokenizer,suite,task,subtask,section,metric,score,primary_metric,status,temperature,n_result_files,fast,source_file
hf_nk_babylm_zho_gpt2_hybrid,GPT2 hybrid,GPT2,Hybrid,BabyLM official Chinese,winogrande_zh_mubench,winogrande_zh_mubench,submission,score,0.5004122011541632,True,locally_scored,,,,results/eval/official/hf_nk_babylm_zho_gpt2_hybrid_submission.json
hf_nk_babylm_zho_gpt2_hybrid,GPT2 hybrid,GPT2,Hybrid,BabyLM official Chinese,xstorycloze_zh_mubench,xstorycloze_zh_mubench,submission,score,0.510061919504644,True,locally_scored,,,,results/eval/official/hf_nk_babylm_zho_gpt2_hybrid_submission.json
hf_nk_babylm_zho_gpt2_hybrid,GPT2 hybrid,GPT2,Hybrid,BabyLM official Chinese,hellaswag_zh_mubench,hellaswag_zh_mubench,submission,score,0.26630915524104376,True,locally_scored,,,,results/eval/official/hf_nk_babylm_zho_gpt2_hybrid_submission.json
hf_nk_babylm_zho_gpt2_hybrid,GPT2 hybrid,GPT2,Hybrid,BabyLM official Chinese,xcomps_zh,xcomps_zh,submission,score,0.5407502783964365,True,locally_scored,,,,results/eval/official/hf_nk_babylm_zho_gpt2_hybrid_submission.json
hf_nk_babylm_zho_gpt2_hybrid,GPT2 hybrid,GPT2,Hybrid,BabyLM official Chinese,zhoblimp,zhoblimp,submission,score,0.742274011299435,True,locally_scored,,,,results/eval/official/hf_nk_babylm_zho_gpt2_hybrid_submission.json
hf_nk_babylm_zho_gpt2_hybrid,GPT2 hybrid,GPT2,Hybrid,BabyLM official Chinese,global_piqa_parallel_zh,global_piqa_parallel_zh,submission,score,0.22330097087378642,True,locally_scored,,,,results/eval/official/hf_nk_babylm_zho_gpt2_hybrid_submission.json
hf_nk_babylm_zho_gpt2_hybrid,GPT2 hybrid,GPT2,Hybrid,BabyLM official Chinese,global_piqa_nonparallel_zh,global_piqa_nonparallel_zh,submission,score,0.53,True,locally_scored,,,,results/eval/official/hf_nk_babylm_zho_gpt2_hybrid_submission.json
hf_nk_babylm_zho_gpt2_hybrid,GPT2 hybrid,GPT2,Hybrid,BabyLM official Chinese,pos,zh,submission,score,0.8446094393730164,True,locally_scored,,,,results/eval/official/hf_nk_babylm_zho_gpt2_hybrid_submission.json
hf_nk_babylm_zho_gpt2_hybrid,GPT2 hybrid,GPT2,Hybrid,BabyLM official Chinese,arc,zh,submission,score,0.2562499940395355,True,locally_scored,,,,results/eval/official/hf_nk_babylm_zho_gpt2_hybrid_submission.json
hf_nk_babylm_zho_gpt2_hybrid,GPT2 hybrid,GPT2,Hybrid,BabyLM official Chinese,belebele,zh,submission,score,0.2556818127632141,True,locally_scored,,,,results/eval/official/hf_nk_babylm_zho_gpt2_hybrid_submission.json
hf_nk_babylm_zho_gpt2_hybrid,GPT2 hybrid,GPT2,Hybrid,BabyLM official Chinese,bmlama,zh,submission,score,0.17301324009895325,True,locally_scored,,,,results/eval/official/hf_nk_babylm_zho_gpt2_hybrid_submission.json
hf_nk_babylm_zho_gpt2_hybrid,GPT2 hybrid,GPT2,Hybrid,BabyLM official Chinese,include,zh,submission,score,0.2589285671710968,True,locally_scored,,,,results/eval/official/hf_nk_babylm_zho_gpt2_hybrid_submission.json
hf_nk_babylm_zho_gpt2_hybrid,GPT2 hybrid,GPT2,Hybrid,BabyLM official Chinese,mnli,zh,submission,score,0.5236486196517944,True,locally_scored,,,,results/eval/official/hf_nk_babylm_zho_gpt2_hybrid_submission.json
hf_nk_babylm_zho_gpt2_hybrid,GPT2 hybrid,GPT2,Hybrid,BabyLM official Chinese,sib200,zh,submission,score,0.7699999809265137,True,locally_scored,,,,results/eval/official/hf_nk_babylm_zho_gpt2_hybrid_submission.json
hf_nk_babylm_zho_gpt2_hybrid,GPT2 hybrid,GPT2,Hybrid,BabyLM official Chinese,truthfulqa,zh,submission,score,0.2678571343421936,True,locally_scored,,,,results/eval/official/hf_nk_babylm_zho_gpt2_hybrid_submission.json
hf_nk_babylm_zho_gpt2_hybrid,GPT2 hybrid,GPT2,Hybrid,BabyLM official Chinese,xnli,zh,submission,score,0.45100000500679016,True,locally_scored,,,,results/eval/official/hf_nk_babylm_zho_gpt2_hybrid_submission.json
hf_nk_babylm_zho_qwen2_hybrid,Qwen2 hybrid,Qwen2,Hybrid,BabyLM official Chinese,winogrande_zh_mubench,winogrande_zh_mubench,submission,score,0.5037098103874691,True,locally_scored,,,,results/eval/official/hf_nk_babylm_zho_qwen2_hybrid_submission.json
hf_nk_babylm_zho_qwen2_hybrid,Qwen2 hybrid,Qwen2,Hybrid,BabyLM official Chinese,xstorycloze_zh_mubench,xstorycloze_zh_mubench,submission,score,0.5108359133126935,True,locally_scored,,,,results/eval/official/hf_nk_babylm_zho_qwen2_hybrid_submission.json
hf_nk_babylm_zho_qwen2_hybrid,Qwen2 hybrid,Qwen2,Hybrid,BabyLM official Chinese,hellaswag_zh_mubench,hellaswag_zh_mubench,submission,score,0.2670831490490933,True,locally_scored,,,,results/eval/official/hf_nk_babylm_zho_qwen2_hybrid_submission.json
hf_nk_babylm_zho_qwen2_hybrid,Qwen2 hybrid,Qwen2,Hybrid,BabyLM official Chinese,xcomps_zh,xcomps_zh,submission,score,0.5364351336302895,True,locally_scored,,,,results/eval/official/hf_nk_babylm_zho_qwen2_hybrid_submission.json
hf_nk_babylm_zho_qwen2_hybrid,Qwen2 hybrid,Qwen2,Hybrid,BabyLM official Chinese,zhoblimp,zhoblimp,submission,score,0.7586016949152542,True,locally_scored,,,,results/eval/official/hf_nk_babylm_zho_qwen2_hybrid_submission.json
hf_nk_babylm_zho_qwen2_hybrid,Qwen2 hybrid,Qwen2,Hybrid,BabyLM official Chinese,global_piqa_parallel_zh,global_piqa_parallel_zh,submission,score,0.2621359223300971,True,locally_scored,,,,results/eval/official/hf_nk_babylm_zho_qwen2_hybrid_submission.json
hf_nk_babylm_zho_qwen2_hybrid,Qwen2 hybrid,Qwen2,Hybrid,BabyLM official Chinese,global_piqa_nonparallel_zh,global_piqa_nonparallel_zh,submission,score,0.5,True,locally_scored,,,,results/eval/official/hf_nk_babylm_zho_qwen2_hybrid_submission.json
hf_nk_babylm_zho_qwen2_hybrid,Qwen2 hybrid,Qwen2,Hybrid,BabyLM official Chinese,pos,zh,submission,score,0.8434591889381409,True,locally_scored,,,,results/eval/official/hf_nk_babylm_zho_qwen2_hybrid_submission.json
hf_nk_babylm_zho_qwen2_hybrid,Qwen2 hybrid,Qwen2,Hybrid,BabyLM official Chinese,arc,zh,submission,score,0.2604166567325592,True,locally_scored,,,,results/eval/official/hf_nk_babylm_zho_qwen2_hybrid_submission.json
hf_nk_babylm_zho_qwen2_hybrid,Qwen2 hybrid,Qwen2,Hybrid,BabyLM official Chinese,belebele,zh,submission,score,0.20454545319080353,True,locally_scored,,,,results/eval/official/hf_nk_babylm_zho_qwen2_hybrid_submission.json
hf_nk_babylm_zho_qwen2_hybrid,Qwen2 hybrid,Qwen2,Hybrid,BabyLM official Chinese,bmlama,zh,submission,score,0.1589404046535492,True,locally_scored,,,,results/eval/official/hf_nk_babylm_zho_qwen2_hybrid_submission.json
hf_nk_babylm_zho_qwen2_hybrid,Qwen2 hybrid,Qwen2,Hybrid,BabyLM official Chinese,include,zh,submission,score,0.2410714328289032,True,locally_scored,,,,results/eval/official/hf_nk_babylm_zho_qwen2_hybrid_submission.json
hf_nk_babylm_zho_qwen2_hybrid,Qwen2 hybrid,Qwen2,Hybrid,BabyLM official Chinese,mnli,zh,submission,score,0.5546171069145203,True,locally_scored,,,,results/eval/official/hf_nk_babylm_zho_qwen2_hybrid_submission.json
hf_nk_babylm_zho_qwen2_hybrid,Qwen2 hybrid,Qwen2,Hybrid,BabyLM official Chinese,sib200,zh,submission,score,0.7699999809265137,True,locally_scored,,,,results/eval/official/hf_nk_babylm_zho_qwen2_hybrid_submission.json
hf_nk_babylm_zho_qwen2_hybrid,Qwen2 hybrid,Qwen2,Hybrid,BabyLM official Chinese,truthfulqa,zh,submission,score,0.2410714328289032,True,locally_scored,,,,results/eval/official/hf_nk_babylm_zho_qwen2_hybrid_submission.json
hf_nk_babylm_zho_qwen2_hybrid,Qwen2 hybrid,Qwen2,Hybrid,BabyLM official Chinese,xnli,zh,submission,score,0.46299999952316284,True,locally_scored,,,,results/eval/official/hf_nk_babylm_zho_qwen2_hybrid_submission.json
hf_nk_babylm_zho_gpt2_bpe,GPT2 BPE,GPT2,BPE,BabyLM official Chinese,winogrande_zh_mubench,winogrande_zh_mubench,submission,score,0.505358615004122,True,locally_scored,,,,results/eval/official/hf_nk_babylm_zho_gpt2_bpe_submission.json
hf_nk_babylm_zho_gpt2_bpe,GPT2 BPE,GPT2,BPE,BabyLM official Chinese,xstorycloze_zh_mubench,xstorycloze_zh_mubench,submission,score,0.44969040247678016,True,locally_scored,,,,results/eval/official/hf_nk_babylm_zho_gpt2_bpe_submission.json
hf_nk_babylm_zho_gpt2_bpe,GPT2 BPE,GPT2,BPE,BabyLM official Chinese,hellaswag_zh_mubench,hellaswag_zh_mubench,submission,score,0.26829942503317117,True,locally_scored,,,,results/eval/official/hf_nk_babylm_zho_gpt2_bpe_submission.json
hf_nk_babylm_zho_gpt2_bpe,GPT2 BPE,GPT2,BPE,BabyLM official Chinese,xcomps_zh,xcomps_zh,submission,score,0.5108922605790646,True,locally_scored,,,,results/eval/official/hf_nk_babylm_zho_gpt2_bpe_submission.json
hf_nk_babylm_zho_gpt2_bpe,GPT2 BPE,GPT2,BPE,BabyLM official Chinese,zhoblimp,zhoblimp,submission,score,0.5947598870056497,True,locally_scored,,,,results/eval/official/hf_nk_babylm_zho_gpt2_bpe_submission.json
hf_nk_babylm_zho_gpt2_bpe,GPT2 BPE,GPT2,BPE,BabyLM official Chinese,global_piqa_parallel_zh,global_piqa_parallel_zh,submission,score,0.23300970873786409,True,locally_scored,,,,results/eval/official/hf_nk_babylm_zho_gpt2_bpe_submission.json
hf_nk_babylm_zho_gpt2_bpe,GPT2 BPE,GPT2,BPE,BabyLM official Chinese,global_piqa_nonparallel_zh,global_piqa_nonparallel_zh,submission,score,0.53,True,locally_scored,,,,results/eval/official/hf_nk_babylm_zho_gpt2_bpe_submission.json
hf_nk_babylm_zho_gpt2_bpe,GPT2 BPE,GPT2,BPE,BabyLM official Chinese,pos,zh,submission,score,0.8112115859985352,True,locally_scored,,,,results/eval/official/hf_nk_babylm_zho_gpt2_bpe_submission.json
hf_nk_babylm_zho_gpt2_bpe,GPT2 BPE,GPT2,BPE,BabyLM official Chinese,arc,zh,submission,score,0.2645833194255829,True,locally_scored,,,,results/eval/official/hf_nk_babylm_zho_gpt2_bpe_submission.json
hf_nk_babylm_zho_gpt2_bpe,GPT2 BPE,GPT2,BPE,BabyLM official Chinese,belebele,zh,submission,score,0.19886364042758942,True,locally_scored,,,,results/eval/official/hf_nk_babylm_zho_gpt2_bpe_submission.json
hf_nk_babylm_zho_gpt2_bpe,GPT2 BPE,GPT2,BPE,BabyLM official Chinese,bmlama,zh,submission,score,0.16721853613853455,True,locally_scored,,,,results/eval/official/hf_nk_babylm_zho_gpt2_bpe_submission.json
hf_nk_babylm_zho_gpt2_bpe,GPT2 BPE,GPT2,BPE,BabyLM official Chinese,include,zh,submission,score,0.2589285671710968,True,locally_scored,,,,results/eval/official/hf_nk_babylm_zho_gpt2_bpe_submission.json
hf_nk_babylm_zho_gpt2_bpe,GPT2 BPE,GPT2,BPE,BabyLM official Chinese,mnli,zh,submission,score,0.5512387156486511,True,locally_scored,,,,results/eval/official/hf_nk_babylm_zho_gpt2_bpe_submission.json
hf_nk_babylm_zho_gpt2_bpe,GPT2 BPE,GPT2,BPE,BabyLM official Chinese,sib200,zh,submission,score,0.6399999856948853,True,locally_scored,,,,results/eval/official/hf_nk_babylm_zho_gpt2_bpe_submission.json
hf_nk_babylm_zho_gpt2_bpe,GPT2 BPE,GPT2,BPE,BabyLM official Chinese,truthfulqa,zh,submission,score,0.25,True,locally_scored,,,,results/eval/official/hf_nk_babylm_zho_gpt2_bpe_submission.json
hf_nk_babylm_zho_gpt2_bpe,GPT2 BPE,GPT2,BPE,BabyLM official Chinese,xnli,zh,submission,score,0.4729999899864197,True,locally_scored,,,,results/eval/official/hf_nk_babylm_zho_gpt2_bpe_submission.json
hf_nk_babylm_zho_qwen2_bpe,Qwen2 BPE,Qwen2,BPE,BabyLM official Chinese,winogrande_zh_mubench,winogrande_zh_mubench,submission,score,0.4921681780708986,True,locally_scored,,,,results/eval/official/hf_nk_babylm_zho_qwen2_bpe_submission.json
hf_nk_babylm_zho_qwen2_bpe,Qwen2 BPE,Qwen2,BPE,BabyLM official Chinese,xstorycloze_zh_mubench,xstorycloze_zh_mubench,submission,score,0.45743034055727555,True,locally_scored,,,,results/eval/official/hf_nk_babylm_zho_qwen2_bpe_submission.json
hf_nk_babylm_zho_qwen2_bpe,Qwen2 BPE,Qwen2,BPE,BabyLM official Chinese,hellaswag_zh_mubench,hellaswag_zh_mubench,submission,score,0.2673042901371075,True,locally_scored,,,,results/eval/official/hf_nk_babylm_zho_qwen2_bpe_submission.json
hf_nk_babylm_zho_qwen2_bpe,Qwen2 BPE,Qwen2,BPE,BabyLM official Chinese,xcomps_zh,xcomps_zh,submission,score,0.5117274498886414,True,locally_scored,,,,results/eval/official/hf_nk_babylm_zho_qwen2_bpe_submission.json
hf_nk_babylm_zho_qwen2_bpe,Qwen2 BPE,Qwen2,BPE,BabyLM official Chinese,zhoblimp,zhoblimp,submission,score,0.6186864406779661,True,locally_scored,,,,results/eval/official/hf_nk_babylm_zho_qwen2_bpe_submission.json
hf_nk_babylm_zho_qwen2_bpe,Qwen2 BPE,Qwen2,BPE,BabyLM official Chinese,global_piqa_parallel_zh,global_piqa_parallel_zh,submission,score,0.21359223300970873,True,locally_scored,,,,results/eval/official/hf_nk_babylm_zho_qwen2_bpe_submission.json
hf_nk_babylm_zho_qwen2_bpe,Qwen2 BPE,Qwen2,BPE,BabyLM official Chinese,global_piqa_nonparallel_zh,global_piqa_nonparallel_zh,submission,score,0.48,True,locally_scored,,,,results/eval/official/hf_nk_babylm_zho_qwen2_bpe_submission.json
hf_nk_babylm_zho_qwen2_bpe,Qwen2 BPE,Qwen2,BPE,BabyLM official Chinese,pos,zh,submission,score,0.8212031722068787,True,locally_scored,,,,results/eval/official/hf_nk_babylm_zho_qwen2_bpe_submission.json
hf_nk_babylm_zho_qwen2_bpe,Qwen2 BPE,Qwen2,BPE,BabyLM official Chinese,arc,zh,submission,score,0.2541666626930237,True,locally_scored,,,,results/eval/official/hf_nk_babylm_zho_qwen2_bpe_submission.json
hf_nk_babylm_zho_qwen2_bpe,Qwen2 BPE,Qwen2,BPE,BabyLM official Chinese,belebele,zh,submission,score,0.21022726595401764,True,locally_scored,,,,results/eval/official/hf_nk_babylm_zho_qwen2_bpe_submission.json
hf_nk_babylm_zho_qwen2_bpe,Qwen2 BPE,Qwen2,BPE,BabyLM official Chinese,bmlama,zh,submission,score,0.16225165128707886,True,locally_scored,,,,results/eval/official/hf_nk_babylm_zho_qwen2_bpe_submission.json
hf_nk_babylm_zho_qwen2_bpe,Qwen2 BPE,Qwen2,BPE,BabyLM official Chinese,include,zh,submission,score,0.2678571343421936,True,locally_scored,,,,results/eval/official/hf_nk_babylm_zho_qwen2_bpe_submission.json
hf_nk_babylm_zho_qwen2_bpe,Qwen2 BPE,Qwen2,BPE,BabyLM official Chinese,mnli,zh,submission,score,0.5365990996360779,True,locally_scored,,,,results/eval/official/hf_nk_babylm_zho_qwen2_bpe_submission.json
hf_nk_babylm_zho_qwen2_bpe,Qwen2 BPE,Qwen2,BPE,BabyLM official Chinese,sib200,zh,submission,score,0.7049999833106995,True,locally_scored,,,,results/eval/official/hf_nk_babylm_zho_qwen2_bpe_submission.json
hf_nk_babylm_zho_qwen2_bpe,Qwen2 BPE,Qwen2,BPE,BabyLM official Chinese,truthfulqa,zh,submission,score,0.2321428507566452,True,locally_scored,,,,results/eval/official/hf_nk_babylm_zho_qwen2_bpe_submission.json
hf_nk_babylm_zho_qwen2_bpe,Qwen2 BPE,Qwen2,BPE,BabyLM official Chinese,xnli,zh,submission,score,0.49050000309944153,True,locally_scored,,,,results/eval/official/hf_nk_babylm_zho_qwen2_bpe_submission.json
hf_nk_babylm_zho_gpt2_hybrid,GPT2 hybrid,GPT2,Hybrid,Chinese zero-shot,zhoblimp,BA,field_accuracy,accuracy,0.7862,False,locally_scored,1.0,,,results/eval/chinese_pipeline/hf_nk_babylm_zho_gpt2_hybrid/main/zero_shot/causal/zhoblimp/zhoblimp/best_temperature_report.txt
hf_nk_babylm_zho_gpt2_hybrid,GPT2 hybrid,GPT2,Hybrid,Chinese zero-shot,zhoblimp,nominal_expression,field_accuracy,accuracy,0.8909,False,locally_scored,1.0,,,results/eval/chinese_pipeline/hf_nk_babylm_zho_gpt2_hybrid/main/zero_shot/causal/zhoblimp/zhoblimp/best_temperature_report.txt
hf_nk_babylm_zho_gpt2_hybrid,GPT2 hybrid,GPT2,Hybrid,Chinese zero-shot,zhoblimp,question,field_accuracy,accuracy,0.8125,False,locally_scored,1.0,,,results/eval/chinese_pipeline/hf_nk_babylm_zho_gpt2_hybrid/main/zero_shot/causal/zhoblimp/zhoblimp/best_temperature_report.txt
hf_nk_babylm_zho_gpt2_hybrid,GPT2 hybrid,GPT2,Hybrid,Chinese zero-shot,zhoblimp,control_raising,field_accuracy,accuracy,0.7533,False,locally_scored,1.0,,,results/eval/chinese_pipeline/hf_nk_babylm_zho_gpt2_hybrid/main/zero_shot/causal/zhoblimp/zhoblimp/best_temperature_report.txt
hf_nk_babylm_zho_gpt2_hybrid,GPT2 hybrid,GPT2,Hybrid,Chinese zero-shot,zhoblimp,passive,field_accuracy,accuracy,0.4736,False,locally_scored,1.0,,,results/eval/chinese_pipeline/hf_nk_babylm_zho_gpt2_hybrid/main/zero_shot/causal/zhoblimp/zhoblimp/best_temperature_report.txt
hf_nk_babylm_zho_gpt2_hybrid,GPT2 hybrid,GPT2,Hybrid,Chinese zero-shot,zhoblimp,relativization,field_accuracy,accuracy,0.795,False,locally_scored,1.0,,,results/eval/chinese_pipeline/hf_nk_babylm_zho_gpt2_hybrid/main/zero_shot/causal/zhoblimp/zhoblimp/best_temperature_report.txt
hf_nk_babylm_zho_gpt2_hybrid,GPT2 hybrid,GPT2,Hybrid,Chinese zero-shot,zhoblimp,ellipsis,field_accuracy,accuracy,0.6278,False,locally_scored,1.0,,,results/eval/chinese_pipeline/hf_nk_babylm_zho_gpt2_hybrid/main/zero_shot/causal/zhoblimp/zhoblimp/best_temperature_report.txt
hf_nk_babylm_zho_gpt2_hybrid,GPT2 hybrid,GPT2,Hybrid,Chinese zero-shot,zhoblimp,classifier,field_accuracy,accuracy,0.6744,False,locally_scored,1.0,,,results/eval/chinese_pipeline/hf_nk_babylm_zho_gpt2_hybrid/main/zero_shot/causal/zhoblimp/zhoblimp/best_temperature_report.txt
hf_nk_babylm_zho_gpt2_hybrid,GPT2 hybrid,GPT2,Hybrid,Chinese zero-shot,zhoblimp,verb_phrase,field_accuracy,accuracy,0.7645000000000001,False,locally_scored,1.0,,,results/eval/chinese_pipeline/hf_nk_babylm_zho_gpt2_hybrid/main/zero_shot/causal/zhoblimp/zhoblimp/best_temperature_report.txt
hf_nk_babylm_zho_gpt2_hybrid,GPT2 hybrid,GPT2,Hybrid,Chinese zero-shot,zhoblimp,npi_licensing,field_accuracy,accuracy,0.5263,False,locally_scored,1.0,,,results/eval/chinese_pipeline/hf_nk_babylm_zho_gpt2_hybrid/main/zero_shot/causal/zhoblimp/zhoblimp/best_temperature_report.txt
hf_nk_babylm_zho_gpt2_hybrid,GPT2 hybrid,GPT2,Hybrid,Chinese zero-shot,zhoblimp,anaphor,field_accuracy,accuracy,0.5993999999999999,False,locally_scored,1.0,,,results/eval/chinese_pipeline/hf_nk_babylm_zho_gpt2_hybrid/main/zero_shot/causal/zhoblimp/zhoblimp/best_temperature_report.txt
hf_nk_babylm_zho_gpt2_hybrid,GPT2 hybrid,GPT2,Hybrid,Chinese zero-shot,zhoblimp,fci_licensing,field_accuracy,accuracy,0.7867000000000001,False,locally_scored,1.0,,,results/eval/chinese_pipeline/hf_nk_babylm_zho_gpt2_hybrid/main/zero_shot/causal/zhoblimp/zhoblimp/best_temperature_report.txt
hf_nk_babylm_zho_gpt2_hybrid,GPT2 hybrid,GPT2,Hybrid,Chinese zero-shot,zhoblimp,quantifiers,field_accuracy,accuracy,0.235,False,locally_scored,1.0,,,results/eval/chinese_pipeline/hf_nk_babylm_zho_gpt2_hybrid/main/zero_shot/causal/zhoblimp/zhoblimp/best_temperature_report.txt
hf_nk_babylm_zho_gpt2_hybrid,GPT2 hybrid,GPT2,Hybrid,Chinese zero-shot,zhoblimp,argument_structure,field_accuracy,accuracy,0.7323999999999999,False,locally_scored,1.0,,,results/eval/chinese_pipeline/hf_nk_babylm_zho_gpt2_hybrid/main/zero_shot/causal/zhoblimp/zhoblimp/best_temperature_report.txt
hf_nk_babylm_zho_gpt2_hybrid,GPT2 hybrid,GPT2,Hybrid,Chinese zero-shot,zhoblimp,topicalization,field_accuracy,accuracy,0.86,False,locally_scored,1.0,,,results/eval/chinese_pipeline/hf_nk_babylm_zho_gpt2_hybrid/main/zero_shot/causal/zhoblimp/zhoblimp/best_temperature_report.txt
hf_nk_babylm_zho_gpt2_hybrid,GPT2 hybrid,GPT2,Hybrid,Chinese zero-shot,zhoblimp,BA_BEI_subj_drop,uid_accuracy,accuracy,0.20670000000000002,False,locally_scored,1.0,,,results/eval/chinese_pipeline/hf_nk_babylm_zho_gpt2_hybrid/main/zero_shot/causal/zhoblimp/zhoblimp/best_temperature_report.txt
hf_nk_babylm_zho_gpt2_hybrid,GPT2 hybrid,GPT2,Hybrid,Chinese zero-shot,zhoblimp,you_quantifier_adj,uid_accuracy,accuracy,0.9133,False,locally_scored,1.0,,,results/eval/chinese_pipeline/hf_nk_babylm_zho_gpt2_hybrid/main/zero_shot/causal/zhoblimp/zhoblimp/best_temperature_report.txt
hf_nk_babylm_zho_gpt2_hybrid,GPT2 hybrid,GPT2,Hybrid,Chinese zero-shot,zhoblimp,question_nandao_raising_2,uid_accuracy,accuracy,0.7867000000000001,False,locally_scored,1.0,,,results/eval/chinese_pipeline/hf_nk_babylm_zho_gpt2_hybrid/main/zero_shot/causal/zhoblimp/zhoblimp/best_temperature_report.txt
hf_nk_babylm_zho_gpt2_hybrid,GPT2 hybrid,GPT2,Hybrid,Chinese zero-shot,zhoblimp,modal_raising_hui,uid_accuracy,accuracy,0.8067,False,locally_scored,1.0,,,results/eval/chinese_pipeline/hf_nk_babylm_zho_gpt2_hybrid/main/zero_shot/causal/zhoblimp/zhoblimp/best_temperature_report.txt
hf_nk_babylm_zho_gpt2_hybrid,GPT2 hybrid,GPT2,Hybrid,Chinese zero-shot,zhoblimp,you_yige,uid_accuracy,accuracy,0.9767,False,locally_scored,1.0,,,results/eval/chinese_pipeline/hf_nk_babylm_zho_gpt2_hybrid/main/zero_shot/causal/zhoblimp/zhoblimp/best_temperature_report.txt
hf_nk_babylm_zho_gpt2_hybrid,GPT2 hybrid,GPT2,Hybrid,Chinese zero-shot,zhoblimp,BEI_construction_a,uid_accuracy,accuracy,0.8367,False,locally_scored,1.0,,,results/eval/chinese_pipeline/hf_nk_babylm_zho_gpt2_hybrid/main/zero_shot/causal/zhoblimp/zhoblimp/best_temperature_report.txt
hf_nk_babylm_zho_gpt2_hybrid,GPT2 hybrid,GPT2,Hybrid,Chinese zero-shot,zhoblimp,passive_body_part,uid_accuracy,accuracy,0.8667,False,locally_scored,1.0,,,results/eval/chinese_pipeline/hf_nk_babylm_zho_gpt2_hybrid/main/zero_shot/causal/zhoblimp/zhoblimp/best_temperature_report.txt
hf_nk_babylm_zho_gpt2_hybrid,GPT2 hybrid,GPT2,Hybrid,Chinese zero-shot,zhoblimp,relativization_movement_when_where,uid_accuracy,accuracy,1.0,False,locally_scored,1.0,,,results/eval/chinese_pipeline/hf_nk_babylm_zho_gpt2_hybrid/main/zero_shot/causal/zhoblimp/zhoblimp/best_temperature_report.txt
hf_nk_babylm_zho_gpt2_hybrid,GPT2 hybrid,GPT2,Hybrid,Chinese zero-shot,zhoblimp,question_nandao_negation,uid_accuracy,accuracy,1.0,False,locally_scored,1.0,,,results/eval/chinese_pipeline/hf_nk_babylm_zho_gpt2_hybrid/main/zero_shot/causal/zhoblimp/zhoblimp/best_temperature_report.txt
hf_nk_babylm_zho_gpt2_hybrid,GPT2 hybrid,GPT2,Hybrid,Chinese zero-shot,zhoblimp,BA_verb_le_b,uid_accuracy,accuracy,0.56,False,locally_scored,1.0,,,results/eval/chinese_pipeline/hf_nk_babylm_zho_gpt2_hybrid/main/zero_shot/causal/zhoblimp/zhoblimp/best_temperature_report.txt
hf_nk_babylm_zho_gpt2_hybrid,GPT2 hybrid,GPT2,Hybrid,Chinese zero-shot,zhoblimp,BEI_preposition,uid_accuracy,accuracy,0.9367,False,locally_scored,1.0,,,results/eval/chinese_pipeline/hf_nk_babylm_zho_gpt2_hybrid/main/zero_shot/causal/zhoblimp/zhoblimp/best_temperature_report.txt
hf_nk_babylm_zho_gpt2_hybrid,GPT2 hybrid,GPT2,Hybrid,Chinese zero-shot,zhoblimp,ellipsis_adj,uid_accuracy,accuracy,0.4733,False,locally_scored,1.0,,,results/eval/chinese_pipeline/hf_nk_babylm_zho_gpt2_hybrid/main/zero_shot/causal/zhoblimp/zhoblimp/best_temperature_report.txt
hf_nk_babylm_zho_gpt2_hybrid,GPT2 hybrid,GPT2,Hybrid,Chinese zero-shot,zhoblimp,passive_suo,uid_accuracy,accuracy,0.2833,False,locally_scored,1.0,,,results/eval/chinese_pipeline/hf_nk_babylm_zho_gpt2_hybrid/main/zero_shot/causal/zhoblimp/zhoblimp/best_temperature_report.txt
hf_nk_babylm_zho_gpt2_hybrid,GPT2 hybrid,GPT2,Hybrid,Chinese zero-shot,zhoblimp,control_modal_vs_raising_modal,uid_accuracy,accuracy,0.9967,False,locally_scored,1.0,,,results/eval/chinese_pipeline/hf_nk_babylm_zho_gpt2_hybrid/main/zero_shot/causal/zhoblimp/zhoblimp/best_temperature_report.txt
hf_nk_babylm_zho_gpt2_hybrid,GPT2 hybrid,GPT2,Hybrid,Chinese zero-shot,zhoblimp,question_daodi_nandao_2,uid_accuracy,accuracy,0.3933,False,locally_scored,1.0,,,results/eval/chinese_pipeline/hf_nk_babylm_zho_gpt2_hybrid/main/zero_shot/causal/zhoblimp/zhoblimp/best_temperature_report.txt
hf_nk_babylm_zho_gpt2_hybrid,GPT2 hybrid,GPT2,Hybrid,Chinese zero-shot,zhoblimp,classifier_noun_agreement,uid_accuracy,accuracy,0.9267,False,locally_scored,1.0,,,results/eval/chinese_pipeline/hf_nk_babylm_zho_gpt2_hybrid/main/zero_shot/causal/zhoblimp/zhoblimp/best_temperature_report.txt
hf_nk_babylm_zho_gpt2_hybrid,GPT2 hybrid,GPT2,Hybrid,Chinese zero-shot,zhoblimp,right_yijing_b,uid_accuracy,accuracy,0.57,False,locally_scored,1.0,,,results/eval/chinese_pipeline/hf_nk_babylm_zho_gpt2_hybrid/main/zero_shot/causal/zhoblimp/zhoblimp/best_temperature_report.txt
hf_nk_babylm_zho_gpt2_hybrid,GPT2 hybrid,GPT2,Hybrid,Chinese zero-shot,zhoblimp,renhe_no_episodic_sentences,uid_accuracy,accuracy,0.92,False,locally_scored,1.0,,,results/eval/chinese_pipeline/hf_nk_babylm_zho_gpt2_hybrid/main/zero_shot/causal/zhoblimp/zhoblimp/best_temperature_report.txt
hf_nk_babylm_zho_gpt2_hybrid,GPT2 hybrid,GPT2,Hybrid,Chinese zero-shot,zhoblimp,npi_renhe_wh_question_obj,uid_accuracy,accuracy,0.9632999999999999,False,locally_scored,1.0,,,results/eval/chinese_pipeline/hf_nk_babylm_zho_gpt2_hybrid/main/zero_shot/causal/zhoblimp/zhoblimp/best_temperature_report.txt
hf_nk_babylm_zho_gpt2_hybrid,GPT2 hybrid,GPT2,Hybrid,Chinese zero-shot,zhoblimp,question_daodi_negation,uid_accuracy,accuracy,0.86,False,locally_scored,1.0,,,results/eval/chinese_pipeline/hf_nk_babylm_zho_gpt2_hybrid/main/zero_shot/causal/zhoblimp/zhoblimp/best_temperature_report.txt
hf_nk_babylm_zho_gpt2_hybrid,GPT2 hybrid,GPT2,Hybrid,Chinese zero-shot,zhoblimp,BA_inversion,uid_accuracy,accuracy,0.9167000000000001,False,locally_scored,1.0,,,results/eval/chinese_pipeline/hf_nk_babylm_zho_gpt2_hybrid/main/zero_shot/causal/zhoblimp/zhoblimp/best_temperature_report.txt
hf_nk_babylm_zho_gpt2_hybrid,GPT2 hybrid,GPT2,Hybrid,Chinese zero-shot,zhoblimp,question_nandao_raising_1_a,uid_accuracy,accuracy,1.0,False,locally_scored,1.0,,,results/eval/chinese_pipeline/hf_nk_babylm_zho_gpt2_hybrid/main/zero_shot/causal/zhoblimp/zhoblimp/best_temperature_report.txt
hf_nk_babylm_zho_gpt2_hybrid,GPT2 hybrid,GPT2,Hybrid,Chinese zero-shot,zhoblimp,question_particle_daodi_choice_intran,uid_accuracy,accuracy,0.9367,False,locally_scored,1.0,,,results/eval/chinese_pipeline/hf_nk_babylm_zho_gpt2_hybrid/main/zero_shot/causal/zhoblimp/zhoblimp/best_temperature_report.txt
hf_nk_babylm_zho_gpt2_hybrid,GPT2 hybrid,GPT2,Hybrid,Chinese zero-shot,zhoblimp,anaphor_gender_agreement,uid_accuracy,accuracy,0.5167,False,locally_scored,1.0,,,results/eval/chinese_pipeline/hf_nk_babylm_zho_gpt2_hybrid/main/zero_shot/causal/zhoblimp/zhoblimp/best_temperature_report.txt
hf_nk_babylm_zho_gpt2_hybrid,GPT2 hybrid,GPT2,Hybrid,Chinese zero-shot,zhoblimp,question_nandao_scope_2,uid_accuracy,accuracy,0.8033,False,locally_scored,1.0,,,results/eval/chinese_pipeline/hf_nk_babylm_zho_gpt2_hybrid/main/zero_shot/causal/zhoblimp/zhoblimp/best_temperature_report.txt
hf_nk_babylm_zho_gpt2_hybrid,GPT2 hybrid,GPT2,Hybrid,Chinese zero-shot,zhoblimp,principle_A_domain_number,uid_accuracy,accuracy,0.99,False,locally_scored,1.0,,,results/eval/chinese_pipeline/hf_nk_babylm_zho_gpt2_hybrid/main/zero_shot/causal/zhoblimp/zhoblimp/best_temperature_report.txt
hf_nk_babylm_zho_gpt2_hybrid,GPT2 hybrid,GPT2,Hybrid,Chinese zero-shot,zhoblimp,npi_renhe_neg_scope_subj,uid_accuracy,accuracy,0.07,False,locally_scored,1.0,,,results/eval/chinese_pipeline/hf_nk_babylm_zho_gpt2_hybrid/main/zero_shot/causal/zhoblimp/zhoblimp/best_temperature_report.txt
hf_nk_babylm_zho_gpt2_hybrid,GPT2 hybrid,GPT2,Hybrid,Chinese zero-shot,zhoblimp,passive_no_adj,uid_accuracy,accuracy,0.91,False,locally_scored,1.0,,,results/eval/chinese_pipeline/hf_nk_babylm_zho_gpt2_hybrid/main/zero_shot/causal/zhoblimp/zhoblimp/best_temperature_report.txt
hf_nk_babylm_zho_gpt2_hybrid,GPT2 hybrid,GPT2,Hybrid,Chinese zero-shot,zhoblimp,question_A_not_A_indirect,uid_accuracy,accuracy,1.0,False,locally_scored,1.0,,,results/eval/chinese_pipeline/hf_nk_babylm_zho_gpt2_hybrid/main/zero_shot/causal/zhoblimp/zhoblimp/best_temperature_report.txt
hf_nk_babylm_zho_gpt2_hybrid,GPT2 hybrid,GPT2,Hybrid,Chinese zero-shot,zhoblimp,fci_renhe_suoyou,uid_accuracy,accuracy,0.9333,False,locally_scored,1.0,,,results/eval/chinese_pipeline/hf_nk_babylm_zho_gpt2_hybrid/main/zero_shot/causal/zhoblimp/zhoblimp/best_temperature_report.txt
hf_nk_babylm_zho_gpt2_hybrid,GPT2 hybrid,GPT2,Hybrid,Chinese zero-shot,zhoblimp,BA_suo_adverbial_b,uid_accuracy,accuracy,1.0,False,locally_scored,1.0,,,results/eval/chinese_pipeline/hf_nk_babylm_zho_gpt2_hybrid/main/zero_shot/causal/zhoblimp/zhoblimp/best_temperature_report.txt
hf_nk_babylm_zho_gpt2_hybrid,GPT2 hybrid,GPT2,Hybrid,Chinese zero-shot,zhoblimp,passive_agent_deletion_short,uid_accuracy,accuracy,0.0,False,locally_scored,1.0,,,results/eval/chinese_pipeline/hf_nk_babylm_zho_gpt2_hybrid/main/zero_shot/causal/zhoblimp/zhoblimp/best_temperature_report.txt
hf_nk_babylm_zho_gpt2_hybrid,GPT2 hybrid,GPT2,Hybrid,Chinese zero-shot,zhoblimp,superlative_quantifiers_2,uid_accuracy,accuracy,0.013300000000000001,False,locally_scored,1.0,,,results/eval/chinese_pipeline/hf_nk_babylm_zho_gpt2_hybrid/main/zero_shot/causal/zhoblimp/zhoblimp/best_temperature_report.txt
hf_nk_babylm_zho_gpt2_hybrid,GPT2 hybrid,GPT2,Hybrid,Chinese zero-shot,zhoblimp,agent_animacy_passive,uid_accuracy,accuracy,0.5733,False,locally_scored,1.0,,,results/eval/chinese_pipeline/hf_nk_babylm_zho_gpt2_hybrid/main/zero_shot/causal/zhoblimp/zhoblimp/best_temperature_report.txt
hf_nk_babylm_zho_gpt2_hybrid,GPT2 hybrid,GPT2,Hybrid,Chinese zero-shot,zhoblimp,npi_renhe_neg_scope_locP,uid_accuracy,accuracy,0.9367,False,locally_scored,1.0,,,results/eval/chinese_pipeline/hf_nk_babylm_zho_gpt2_hybrid/main/zero_shot/causal/zhoblimp/zhoblimp/best_temperature_report.txt
hf_nk_babylm_zho_gpt2_hybrid,GPT2 hybrid,GPT2,Hybrid,Chinese zero-shot,zhoblimp,plural_cardinal_men_a,uid_accuracy,accuracy,1.0,False,locally_scored,1.0,,,results/eval/chinese_pipeline/hf_nk_babylm_zho_gpt2_hybrid/main/zero_shot/causal/zhoblimp/zhoblimp/best_temperature_report.txt
hf_nk_babylm_zho_gpt2_hybrid,GPT2 hybrid,GPT2,Hybrid,Chinese zero-shot,zhoblimp,principle_A_c_command,uid_accuracy,accuracy,1.0,False,locally_scored,1.0,,,results/eval/chinese_pipeline/hf_nk_babylm_zho_gpt2_hybrid/main/zero_shot/causal/zhoblimp/zhoblimp/best_temperature_report.txt
hf_nk_babylm_zho_gpt2_hybrid,GPT2 hybrid,GPT2,Hybrid,Chinese zero-shot,zhoblimp,question_daodi_nandao_1,uid_accuracy,accuracy,0.9833,False,locally_scored,1.0,,,results/eval/chinese_pipeline/hf_nk_babylm_zho_gpt2_hybrid/main/zero_shot/causal/zhoblimp/zhoblimp/best_temperature_report.txt
hf_nk_babylm_zho_gpt2_hybrid,GPT2 hybrid,GPT2,Hybrid,Chinese zero-shot,zhoblimp,preposition_insertion,uid_accuracy,accuracy,0.8867,False,locally_scored,1.0,,,results/eval/chinese_pipeline/hf_nk_babylm_zho_gpt2_hybrid/main/zero_shot/causal/zhoblimp/zhoblimp/best_temperature_report.txt
hf_nk_babylm_zho_gpt2_hybrid,GPT2 hybrid,GPT2,Hybrid,Chinese zero-shot,zhoblimp,BEI_construction_b,uid_accuracy,accuracy,0.9732999999999999,False,locally_scored,1.0,,,results/eval/chinese_pipeline/hf_nk_babylm_zho_gpt2_hybrid/main/zero_shot/causal/zhoblimp/zhoblimp/best_temperature_report.txt
hf_nk_babylm_zho_gpt2_hybrid,GPT2 hybrid,GPT2,Hybrid,Chinese zero-shot,zhoblimp,ellipsis_n_bar_class,uid_accuracy,accuracy,0.5767,False,locally_scored,1.0,,,results/eval/chinese_pipeline/hf_nk_babylm_zho_gpt2_hybrid/main/zero_shot/causal/zhoblimp/zhoblimp/best_temperature_report.txt
hf_nk_babylm_zho_gpt2_hybrid,GPT2 hybrid,GPT2,Hybrid,Chinese zero-shot,zhoblimp,question_particle_daodi_choice_tran,uid_accuracy,accuracy,0.7467,False,locally_scored,1.0,,,results/eval/chinese_pipeline/hf_nk_babylm_zho_gpt2_hybrid/main/zero_shot/causal/zhoblimp/zhoblimp/best_temperature_report.txt
hf_nk_babylm_zho_gpt2_hybrid,GPT2 hybrid,GPT2,Hybrid,Chinese zero-shot,zhoblimp,plural_cardinal_men_b,uid_accuracy,accuracy,1.0,False,locally_scored,1.0,,,results/eval/chinese_pipeline/hf_nk_babylm_zho_gpt2_hybrid/main/zero_shot/causal/zhoblimp/zhoblimp/best_temperature_report.txt
hf_nk_babylm_zho_gpt2_hybrid,GPT2 hybrid,GPT2,Hybrid,Chinese zero-shot,zhoblimp,agent_animacy_adv,uid_accuracy,accuracy,0.9767,False,locally_scored,1.0,,,results/eval/chinese_pipeline/hf_nk_babylm_zho_gpt2_hybrid/main/zero_shot/causal/zhoblimp/zhoblimp/best_temperature_report.txt
hf_nk_babylm_zho_gpt2_hybrid,GPT2 hybrid,GPT2,Hybrid,Chinese zero-shot,zhoblimp,verb_negation_particle,uid_accuracy,accuracy,0.7733,False,locally_scored,1.0,,,results/eval/chinese_pipeline/hf_nk_babylm_zho_gpt2_hybrid/main/zero_shot/causal/zhoblimp/zhoblimp/best_temperature_report.txt
hf_nk_babylm_zho_gpt2_hybrid,GPT2 hybrid,GPT2,Hybrid,Chinese zero-shot,zhoblimp,fci_renhe_prepP,uid_accuracy,accuracy,1.0,False,locally_scored,1.0,,,results/eval/chinese_pipeline/hf_nk_babylm_zho_gpt2_hybrid/main/zero_shot/causal/zhoblimp/zhoblimp/best_temperature_report.txt
hf_nk_babylm_zho_gpt2_hybrid,GPT2 hybrid,GPT2,Hybrid,Chinese zero-shot,zhoblimp,right_yijing_a,uid_accuracy,accuracy,0.8033,False,locally_scored,1.0,,,results/eval/chinese_pipeline/hf_nk_babylm_zho_gpt2_hybrid/main/zero_shot/causal/zhoblimp/zhoblimp/best_temperature_report.txt
hf_nk_babylm_zho_gpt2_hybrid,GPT2 hybrid,GPT2,Hybrid,Chinese zero-shot,zhoblimp,intransitive_double_obj,uid_accuracy,accuracy,0.72,False,locally_scored,1.0,,,results/eval/chinese_pipeline/hf_nk_babylm_zho_gpt2_hybrid/main/zero_shot/causal/zhoblimp/zhoblimp/best_temperature_report.txt
hf_nk_babylm_zho_gpt2_hybrid,GPT2 hybrid,GPT2,Hybrid,Chinese zero-shot,zhoblimp,anaphor_number_agreement,uid_accuracy,accuracy,0.0067,False,locally_scored,1.0,,,results/eval/chinese_pipeline/hf_nk_babylm_zho_gpt2_hybrid/main/zero_shot/causal/zhoblimp/zhoblimp/best_temperature_report.txt
hf_nk_babylm_zho_gpt2_hybrid,GPT2 hybrid,GPT2,Hybrid,Chinese zero-shot,zhoblimp,left_adverbial_negation,uid_accuracy,accuracy,0.5867,False,locally_scored,1.0,,,results/eval/chinese_pipeline/hf_nk_babylm_zho_gpt2_hybrid/main/zero_shot/causal/zhoblimp/zhoblimp/best_temperature_report.txt
hf_nk_babylm_zho_gpt2_hybrid,GPT2 hybrid,GPT2,Hybrid,Chinese zero-shot,zhoblimp,npi_renhe_A_not_A_question,uid_accuracy,accuracy,0.0933,False,locally_scored,1.0,,,results/eval/chinese_pipeline/hf_nk_babylm_zho_gpt2_hybrid/main/zero_shot/causal/zhoblimp/zhoblimp/best_temperature_report.txt
hf_nk_babylm_zho_gpt2_hybrid,GPT2 hybrid,GPT2,Hybrid,Chinese zero-shot,zhoblimp,modal_raising_topicalization,uid_accuracy,accuracy,0.58,False,locally_scored,1.0,,,results/eval/chinese_pipeline/hf_nk_babylm_zho_gpt2_hybrid/main/zero_shot/causal/zhoblimp/zhoblimp/best_temperature_report.txt
hf_nk_babylm_zho_gpt2_hybrid,GPT2 hybrid,GPT2,Hybrid,Chinese zero-shot,zhoblimp,relative_operator_who,uid_accuracy,accuracy,1.0,False,locally_scored,1.0,,,results/eval/chinese_pipeline/hf_nk_babylm_zho_gpt2_hybrid/main/zero_shot/causal/zhoblimp/zhoblimp/best_temperature_report.txt
hf_nk_babylm_zho_gpt2_hybrid,GPT2 hybrid,GPT2,Hybrid,Chinese zero-shot,zhoblimp,renhe_no_superordinate_negation,uid_accuracy,accuracy,0.5333,False,locally_scored,1.0,,,results/eval/chinese_pipeline/hf_nk_babylm_zho_gpt2_hybrid/main/zero_shot/causal/zhoblimp/zhoblimp/best_temperature_report.txt
hf_nk_babylm_zho_gpt2_hybrid,GPT2 hybrid,GPT2,Hybrid,Chinese zero-shot,zhoblimp,left_adverbial_d,uid_accuracy,accuracy,0.9233,False,locally_scored,1.0,,,results/eval/chinese_pipeline/hf_nk_babylm_zho_gpt2_hybrid/main/zero_shot/causal/zhoblimp/zhoblimp/best_temperature_report.txt
hf_nk_babylm_zho_gpt2_hybrid,GPT2 hybrid,GPT2,Hybrid,Chinese zero-shot,zhoblimp,question_daodi_nandao_A_not_A_intran,uid_accuracy,accuracy,0.9267,False,locally_scored,1.0,,,results/eval/chinese_pipeline/hf_nk_babylm_zho_gpt2_hybrid/main/zero_shot/causal/zhoblimp/zhoblimp/best_temperature_report.txt
hf_nk_babylm_zho_gpt2_hybrid,GPT2 hybrid,GPT2,Hybrid,Chinese zero-shot,zhoblimp,PN_numP_a,uid_accuracy,accuracy,1.0,False,locally_scored,1.0,,,results/eval/chinese_pipeline/hf_nk_babylm_zho_gpt2_hybrid/main/zero_shot/causal/zhoblimp/zhoblimp/best_temperature_report.txt
hf_nk_babylm_zho_gpt2_hybrid,GPT2 hybrid,GPT2,Hybrid,Chinese zero-shot,zhoblimp,adjective_transitive_dui,uid_accuracy,accuracy,0.28,False,locally_scored,1.0,,,results/eval/chinese_pipeline/hf_nk_babylm_zho_gpt2_hybrid/main/zero_shot/causal/zhoblimp/zhoblimp/best_temperature_report.txt
hf_nk_babylm_zho_gpt2_hybrid,GPT2 hybrid,GPT2,Hybrid,Chinese zero-shot,zhoblimp,BA_duplicate_argument,uid_accuracy,accuracy,1.0,False,locally_scored,1.0,,,results/eval/chinese_pipeline/hf_nk_babylm_zho_gpt2_hybrid/main/zero_shot/causal/zhoblimp/zhoblimp/best_temperature_report.txt
hf_nk_babylm_zho_gpt2_hybrid,GPT2 hybrid,GPT2,Hybrid,Chinese zero-shot,zhoblimp,agent_animacy_subj,uid_accuracy,accuracy,0.58,False,locally_scored,1.0,,,results/eval/chinese_pipeline/hf_nk_babylm_zho_gpt2_hybrid/main/zero_shot/causal/zhoblimp/zhoblimp/best_temperature_report.txt
hf_nk_babylm_zho_gpt2_hybrid,GPT2 hybrid,GPT2,Hybrid,Chinese zero-shot,zhoblimp,topicalization_OSV_mei,uid_accuracy,accuracy,0.66,False,locally_scored,1.0,,,results/eval/chinese_pipeline/hf_nk_babylm_zho_gpt2_hybrid/main/zero_shot/causal/zhoblimp/zhoblimp/best_temperature_report.txt
hf_nk_babylm_zho_gpt2_hybrid,GPT2 hybrid,GPT2,Hybrid,Chinese zero-shot,zhoblimp,fci_renhe_subj,uid_accuracy,accuracy,1.0,False,locally_scored,1.0,,,results/eval/chinese_pipeline/hf_nk_babylm_zho_gpt2_hybrid/main/zero_shot/causal/zhoblimp/zhoblimp/best_temperature_report.txt
hf_nk_babylm_zho_gpt2_hybrid,GPT2 hybrid,GPT2,Hybrid,Chinese zero-shot,zhoblimp,BA_negation,uid_accuracy,accuracy,0.8833,False,locally_scored,1.0,,,results/eval/chinese_pipeline/hf_nk_babylm_zho_gpt2_hybrid/main/zero_shot/causal/zhoblimp/zhoblimp/best_temperature_report.txt
hf_nk_babylm_zho_gpt2_hybrid,GPT2 hybrid,GPT2,Hybrid,Chinese zero-shot,zhoblimp,intransitive_no_obj,uid_accuracy,accuracy,0.7267,False,locally_scored,1.0,,,results/eval/chinese_pipeline/hf_nk_babylm_zho_gpt2_hybrid/main/zero_shot/causal/zhoblimp/zhoblimp/best_temperature_report.txt
hf_nk_babylm_zho_gpt2_hybrid,GPT2 hybrid,GPT2,Hybrid,Chinese zero-shot,zhoblimp,question_V_not_VP_1,uid_accuracy,accuracy,0.37,False,locally_scored,1.0,,,results/eval/chinese_pipeline/hf_nk_babylm_zho_gpt2_hybrid/main/zero_shot/causal/zhoblimp/zhoblimp/best_temperature_report.txt
hf_nk_babylm_zho_gpt2_hybrid,GPT2 hybrid,GPT2,Hybrid,Chinese zero-shot,zhoblimp,renhe_non_factive_verb,uid_accuracy,accuracy,0.63,False,locally_scored,1.0,,,results/eval/chinese_pipeline/hf_nk_babylm_zho_gpt2_hybrid/main/zero_shot/causal/zhoblimp/zhoblimp/best_temperature_report.txt
hf_nk_babylm_zho_gpt2_hybrid,GPT2 hybrid,GPT2,Hybrid,Chinese zero-shot,zhoblimp,question_A_not_A_daodi_b,uid_accuracy,accuracy,0.94,False,locally_scored,1.0,,,results/eval/chinese_pipeline/hf_nk_babylm_zho_gpt2_hybrid/main/zero_shot/causal/zhoblimp/zhoblimp/best_temperature_report.txt
hf_nk_babylm_zho_gpt2_hybrid,GPT2 hybrid,GPT2,Hybrid,Chinese zero-shot,zhoblimp,question_V_not_VP_2,uid_accuracy,accuracy,0.0867,False,locally_scored,1.0,,,results/eval/chinese_pipeline/hf_nk_babylm_zho_gpt2_hybrid/main/zero_shot/causal/zhoblimp/zhoblimp/best_temperature_report.txt
hf_nk_babylm_zho_gpt2_hybrid,GPT2 hybrid,GPT2,Hybrid,Chinese zero-shot,zhoblimp,PN_numP_b,uid_accuracy,accuracy,0.9967,False,locally_scored,1.0,,,results/eval/chinese_pipeline/hf_nk_babylm_zho_gpt2_hybrid/main/zero_shot/causal/zhoblimp/zhoblimp/best_temperature_report.txt
hf_nk_babylm_zho_gpt2_hybrid,GPT2 hybrid,GPT2,Hybrid,Chinese zero-shot,zhoblimp,principle_A_domain,uid_accuracy,accuracy,1.0,False,locally_scored,1.0,,,results/eval/chinese_pipeline/hf_nk_babylm_zho_gpt2_hybrid/main/zero_shot/causal/zhoblimp/zhoblimp/best_temperature_report.txt
hf_nk_babylm_zho_gpt2_hybrid,GPT2 hybrid,GPT2,Hybrid,Chinese zero-shot,zhoblimp,agent_deletion,uid_accuracy,accuracy,0.91,False,locally_scored,1.0,,,results/eval/chinese_pipeline/hf_nk_babylm_zho_gpt2_hybrid/main/zero_shot/causal/zhoblimp/zhoblimp/best_temperature_report.txt
hf_nk_babylm_zho_gpt2_hybrid,GPT2 hybrid,GPT2,Hybrid,Chinese zero-shot,zhoblimp,preposition_deletion,uid_accuracy,accuracy,0.6433,False,locally_scored,1.0,,,results/eval/chinese_pipeline/hf_nk_babylm_zho_gpt2_hybrid/main/zero_shot/causal/zhoblimp/zhoblimp/best_temperature_report.txt
hf_nk_babylm_zho_gpt2_hybrid,GPT2 hybrid,GPT2,Hybrid,Chinese zero-shot,zhoblimp,nominal_definite_men,uid_accuracy,accuracy,1.0,False,locally_scored,1.0,,,results/eval/chinese_pipeline/hf_nk_babylm_zho_gpt2_hybrid/main/zero_shot/causal/zhoblimp/zhoblimp/best_temperature_report.txt
hf_nk_babylm_zho_gpt2_hybrid,GPT2 hybrid,GPT2,Hybrid,Chinese zero-shot,zhoblimp,relativization_movement_no_gap,uid_accuracy,accuracy,1.0,False,locally_scored,1.0,,,results/eval/chinese_pipeline/hf_nk_babylm_zho_gpt2_hybrid/main/zero_shot/causal/zhoblimp/zhoblimp/best_temperature_report.txt
hf_nk_babylm_zho_gpt2_hybrid,GPT2 hybrid,GPT2,Hybrid,Chinese zero-shot,zhoblimp,question_A_not_A_daodi_a,uid_accuracy,accuracy,0.9732999999999999,False,locally_scored,1.0,,,results/eval/chinese_pipeline/hf_nk_babylm_zho_gpt2_hybrid/main/zero_shot/causal/zhoblimp/zhoblimp/best_temperature_report.txt
hf_nk_babylm_zho_gpt2_hybrid,GPT2 hybrid,GPT2,Hybrid,Chinese zero-shot,zhoblimp,verb_phrase_left_negation,uid_accuracy,accuracy,0.8233,False,locally_scored,1.0,,,results/eval/chinese_pipeline/hf_nk_babylm_zho_gpt2_hybrid/main/zero_shot/causal/zhoblimp/zhoblimp/best_temperature_report.txt
hf_nk_babylm_zho_gpt2_hybrid,GPT2 hybrid,GPT2,Hybrid,Chinese zero-shot,zhoblimp,question_nandao_scope_1,uid_accuracy,accuracy,0.5033,False,locally_scored,1.0,,,results/eval/chinese_pipeline/hf_nk_babylm_zho_gpt2_hybrid/main/zero_shot/causal/zhoblimp/zhoblimp/best_temperature_report.txt
hf_nk_babylm_zho_gpt2_hybrid,GPT2 hybrid,GPT2,Hybrid,Chinese zero-shot,zhoblimp,classifier_noun_subj,uid_accuracy,accuracy,0.9233,False,locally_scored,1.0,,,results/eval/chinese_pipeline/hf_nk_babylm_zho_gpt2_hybrid/main/zero_shot/causal/zhoblimp/zhoblimp/best_temperature_report.txt
hf_nk_babylm_zho_gpt2_hybrid,GPT2 hybrid,GPT2,Hybrid,Chinese zero-shot,zhoblimp,existential_there_subject_raising,uid_accuracy,accuracy,0.63,False,locally_scored,1.0,,,results/eval/chinese_pipeline/hf_nk_babylm_zho_gpt2_hybrid/main/zero_shot/causal/zhoblimp/zhoblimp/best_temperature_report.txt
hf_nk_babylm_zho_gpt2_hybrid,GPT2 hybrid,GPT2,Hybrid,Chinese zero-shot,zhoblimp,passive_agent_deletion_long_right_b,uid_accuracy,accuracy,0.0,False,locally_scored,1.0,,,results/eval/chinese_pipeline/hf_nk_babylm_zho_gpt2_hybrid/main/zero_shot/causal/zhoblimp/zhoblimp/best_temperature_report.txt
hf_nk_babylm_zho_gpt2_hybrid,GPT2 hybrid,GPT2,Hybrid,Chinese zero-shot,zhoblimp,BA_suo_adverbial_a,uid_accuracy,accuracy,0.9632999999999999,False,locally_scored,1.0,,,results/eval/chinese_pipeline/hf_nk_babylm_zho_gpt2_hybrid/main/zero_shot/causal/zhoblimp/zhoblimp/best_temperature_report.txt
hf_nk_babylm_zho_gpt2_hybrid,GPT2 hybrid,GPT2,Hybrid,Chinese zero-shot,zhoblimp,agent_causative,uid_accuracy,accuracy,0.64,False,locally_scored,1.0,,,results/eval/chinese_pipeline/hf_nk_babylm_zho_gpt2_hybrid/main/zero_shot/causal/zhoblimp/zhoblimp/best_temperature_report.txt
hf_nk_babylm_zho_gpt2_hybrid,GPT2 hybrid,GPT2,Hybrid,Chinese zero-shot,zhoblimp,left_adverbial_e,uid_accuracy,accuracy,0.78,False,locally_scored,1.0,,,results/eval/chinese_pipeline/hf_nk_babylm_zho_gpt2_hybrid/main/zero_shot/causal/zhoblimp/zhoblimp/best_temperature_report.txt
hf_nk_babylm_zho_gpt2_hybrid,GPT2 hybrid,GPT2,Hybrid,Chinese zero-shot,zhoblimp,causative_shi_ba,uid_accuracy,accuracy,0.52,False,locally_scored,1.0,,,results/eval/chinese_pipeline/hf_nk_babylm_zho_gpt2_hybrid/main/zero_shot/causal/zhoblimp/zhoblimp/best_temperature_report.txt
hf_nk_babylm_zho_gpt2_hybrid,GPT2 hybrid,GPT2,Hybrid,Chinese zero-shot,zhoblimp,fci_renhe_ruguo,uid_accuracy,accuracy,1.0,False,locally_scored,1.0,,,results/eval/chinese_pipeline/hf_nk_babylm_zho_gpt2_hybrid/main/zero_shot/causal/zhoblimp/zhoblimp/best_temperature_report.txt
hf_nk_babylm_zho_gpt2_hybrid,GPT2 hybrid,GPT2,Hybrid,Chinese zero-shot,zhoblimp,question_A_not_A,uid_accuracy,accuracy,0.97,False,locally_scored,1.0,,,results/eval/chinese_pipeline/hf_nk_babylm_zho_gpt2_hybrid/main/zero_shot/causal/zhoblimp/zhoblimp/best_temperature_report.txt
hf_nk_babylm_zho_gpt2_hybrid,GPT2 hybrid,GPT2,Hybrid,Chinese zero-shot,zhoblimp,left_adverbial_b,uid_accuracy,accuracy,0.8867,False,locally_scored,1.0,,,results/eval/chinese_pipeline/hf_nk_babylm_zho_gpt2_hybrid/main/zero_shot/causal/zhoblimp/zhoblimp/best_temperature_report.txt
hf_nk_babylm_zho_gpt2_hybrid,GPT2 hybrid,GPT2,Hybrid,Chinese zero-shot,zhoblimp,question_nandao_raising_1_b,uid_accuracy,accuracy,1.0,False,locally_scored,1.0,,,results/eval/chinese_pipeline/hf_nk_babylm_zho_gpt2_hybrid/main/zero_shot/causal/zhoblimp/zhoblimp/best_temperature_report.txt
hf_nk_babylm_zho_gpt2_hybrid,GPT2 hybrid,GPT2,Hybrid,Chinese zero-shot,zhoblimp,fci_renhe_dou,uid_accuracy,accuracy,0.0,False,locally_scored,1.0,,,results/eval/chinese_pipeline/hf_nk_babylm_zho_gpt2_hybrid/main/zero_shot/causal/zhoblimp/zhoblimp/best_temperature_report.txt
hf_nk_babylm_zho_gpt2_hybrid,GPT2 hybrid,GPT2,Hybrid,Chinese zero-shot,zhoblimp,question_daodi_nandao_A_not_A_tran,uid_accuracy,accuracy,0.8567,False,locally_scored,1.0,,,results/eval/chinese_pipeline/hf_nk_babylm_zho_gpt2_hybrid/main/zero_shot/causal/zhoblimp/zhoblimp/best_temperature_report.txt
hf_nk_babylm_zho_gpt2_hybrid,GPT2 hybrid,GPT2,Hybrid,Chinese zero-shot,zhoblimp,topicalization_OSV,uid_accuracy,accuracy,0.8633,False,locally_scored,1.0,,,results/eval/chinese_pipeline/hf_nk_babylm_zho_gpt2_hybrid/main/zero_shot/causal/zhoblimp/zhoblimp/best_temperature_report.txt
hf_nk_babylm_zho_gpt2_hybrid,GPT2 hybrid,GPT2,Hybrid,Chinese zero-shot,zhoblimp,npi_renhe_wh_question_subj,uid_accuracy,accuracy,0.5367000000000001,False,locally_scored,1.0,,,results/eval/chinese_pipeline/hf_nk_babylm_zho_gpt2_hybrid/main/zero_shot/causal/zhoblimp/zhoblimp/best_temperature_report.txt
hf_nk_babylm_zho_gpt2_hybrid,GPT2 hybrid,GPT2,Hybrid,Chinese zero-shot,zhoblimp,passive_agent_deletion_long_left,uid_accuracy,accuracy,0.1133,False,locally_scored,1.0,,,results/eval/chinese_pipeline/hf_nk_babylm_zho_gpt2_hybrid/main/zero_shot/causal/zhoblimp/zhoblimp/best_temperature_report.txt
hf_nk_babylm_zho_gpt2_hybrid,GPT2 hybrid,GPT2,Hybrid,Chinese zero-shot,zhoblimp,question_particle_nandao,uid_accuracy,accuracy,0.93,False,locally_scored,1.0,,,results/eval/chinese_pipeline/hf_nk_babylm_zho_gpt2_hybrid/main/zero_shot/causal/zhoblimp/zhoblimp/best_temperature_report.txt
hf_nk_babylm_zho_gpt2_hybrid,GPT2 hybrid,GPT2,Hybrid,Chinese zero-shot,zhoblimp,nominal_modal_insertion,uid_accuracy,accuracy,0.8167,False,locally_scored,1.0,,,results/eval/chinese_pipeline/hf_nk_babylm_zho_gpt2_hybrid/main/zero_shot/causal/zhoblimp/zhoblimp/best_temperature_report.txt
hf_nk_babylm_zho_gpt2_hybrid,GPT2 hybrid,GPT2,Hybrid,Chinese zero-shot,zhoblimp,BA_deletion,uid_accuracy,accuracy,0.21,False,locally_scored,1.0,,,results/eval/chinese_pipeline/hf_nk_babylm_zho_gpt2_hybrid/main/zero_shot/causal/zhoblimp/zhoblimp/best_temperature_report.txt
hf_nk_babylm_zho_gpt2_hybrid,GPT2 hybrid,GPT2,Hybrid,Chinese zero-shot,zhoblimp,singular_PN_but_plural_pron,uid_accuracy,accuracy,0.9367,False,locally_scored,1.0,,,results/eval/chinese_pipeline/hf_nk_babylm_zho_gpt2_hybrid/main/zero_shot/causal/zhoblimp/zhoblimp/best_temperature_report.txt
hf_nk_babylm_zho_gpt2_hybrid,GPT2 hybrid,GPT2,Hybrid,Chinese zero-shot,zhoblimp,BEI_deletion,uid_accuracy,accuracy,0.16329999999999997,False,locally_scored,1.0,,,results/eval/chinese_pipeline/hf_nk_babylm_zho_gpt2_hybrid/main/zero_shot/causal/zhoblimp/zhoblimp/best_temperature_report.txt
hf_nk_babylm_zho_gpt2_hybrid,GPT2 hybrid,GPT2,Hybrid,Chinese zero-shot,zhoblimp,verb_phrase_left_adverbial,uid_accuracy,accuracy,0.94,False,locally_scored,1.0,,,results/eval/chinese_pipeline/hf_nk_babylm_zho_gpt2_hybrid/main/zero_shot/causal/zhoblimp/zhoblimp/best_temperature_report.txt
hf_nk_babylm_zho_gpt2_hybrid,GPT2 hybrid,GPT2,Hybrid,Chinese zero-shot,zhoblimp,ya_insertion,uid_accuracy,accuracy,0.9567,False,locally_scored,1.0,,,results/eval/chinese_pipeline/hf_nk_babylm_zho_gpt2_hybrid/main/zero_shot/causal/zhoblimp/zhoblimp/best_temperature_report.txt
hf_nk_babylm_zho_gpt2_hybrid,GPT2 hybrid,GPT2,Hybrid,Chinese zero-shot,zhoblimp,classifier_noun_agreement_no_gap,uid_accuracy,accuracy,0.17329999999999998,False,locally_scored,1.0,,,results/eval/chinese_pipeline/hf_nk_babylm_zho_gpt2_hybrid/main/zero_shot/causal/zhoblimp/zhoblimp/best_temperature_report.txt
hf_nk_babylm_zho_gpt2_hybrid,GPT2 hybrid,GPT2,Hybrid,Chinese zero-shot,zhoblimp,noun_adjective_shi,uid_accuracy,accuracy,0.16670000000000001,False,locally_scored,1.0,,,results/eval/chinese_pipeline/hf_nk_babylm_zho_gpt2_hybrid/main/zero_shot/causal/zhoblimp/zhoblimp/best_temperature_report.txt
hf_nk_babylm_zho_gpt2_hybrid,GPT2 hybrid,GPT2,Hybrid,Chinese zero-shot,zhoblimp,BA_meiba,uid_accuracy,accuracy,1.0,False,locally_scored,1.0,,,results/eval/chinese_pipeline/hf_nk_babylm_zho_gpt2_hybrid/main/zero_shot/causal/zhoblimp/zhoblimp/best_temperature_report.txt
hf_nk_babylm_zho_gpt2_hybrid,GPT2 hybrid,GPT2,Hybrid,Chinese zero-shot,zhoblimp,question_nandao_raising_3,uid_accuracy,accuracy,0.9967,False,locally_scored,1.0,,,results/eval/chinese_pipeline/hf_nk_babylm_zho_gpt2_hybrid/main/zero_shot/causal/zhoblimp/zhoblimp/best_temperature_report.txt
hf_nk_babylm_zho_gpt2_hybrid,GPT2 hybrid,GPT2,Hybrid,Chinese zero-shot,zhoblimp,relative_operator_intepretation,uid_accuracy,accuracy,0.18,False,locally_scored,1.0,,,results/eval/chinese_pipeline/hf_nk_babylm_zho_gpt2_hybrid/main/zero_shot/causal/zhoblimp/zhoblimp/best_temperature_report.txt
hf_nk_babylm_zho_gpt2_hybrid,GPT2 hybrid,GPT2,Hybrid,Chinese zero-shot,zhoblimp,topicalization_SOV_mei,uid_accuracy,accuracy,0.93,False,locally_scored,1.0,,,results/eval/chinese_pipeline/hf_nk_babylm_zho_gpt2_hybrid/main/zero_shot/causal/zhoblimp/zhoblimp/best_temperature_report.txt
hf_nk_babylm_zho_gpt2_hybrid,GPT2 hybrid,GPT2,Hybrid,Chinese zero-shot,zhoblimp,npi_renhe_conditional,uid_accuracy,accuracy,0.0533,False,locally_scored,1.0,,,results/eval/chinese_pipeline/hf_nk_babylm_zho_gpt2_hybrid/main/zero_shot/causal/zhoblimp/zhoblimp/best_temperature_report.txt
hf_nk_babylm_zho_gpt2_hybrid,GPT2 hybrid,GPT2,Hybrid,Chinese zero-shot,zhoblimp,topicalization_SOV,uid_accuracy,accuracy,0.9867,False,locally_scored,1.0,,,results/eval/chinese_pipeline/hf_nk_babylm_zho_gpt2_hybrid/main/zero_shot/causal/zhoblimp/zhoblimp/best_temperature_report.txt
hf_nk_babylm_zho_gpt2_hybrid,GPT2 hybrid,GPT2,Hybrid,Chinese zero-shot,zhoblimp,BA_verb_le_a,uid_accuracy,accuracy,1.0,False,locally_scored,1.0,,,results/eval/chinese_pipeline/hf_nk_babylm_zho_gpt2_hybrid/main/zero_shot/causal/zhoblimp/zhoblimp/best_temperature_report.txt
hf_nk_babylm_zho_gpt2_hybrid,GPT2 hybrid,GPT2,Hybrid,Chinese zero-shot,zhoblimp,superlative_quantifiers_1,uid_accuracy,accuracy,0.4567,False,locally_scored,1.0,,,results/eval/chinese_pipeline/hf_nk_babylm_zho_gpt2_hybrid/main/zero_shot/causal/zhoblimp/zhoblimp/best_temperature_report.txt
hf_nk_babylm_zho_gpt2_hybrid,GPT2 hybrid,GPT2,Hybrid,Chinese zero-shot,zhoblimp,BA_no_stative_verb,uid_accuracy,accuracy,0.9933,False,locally_scored,1.0,,,results/eval/chinese_pipeline/hf_nk_babylm_zho_gpt2_hybrid/main/zero_shot/causal/zhoblimp/zhoblimp/best_temperature_report.txt
hf_nk_babylm_zho_gpt2_hybrid,GPT2 hybrid,GPT2,Hybrid,Chinese zero-shot,zhoblimp,ellipsis_double_object,uid_accuracy,accuracy,0.8332999999999999,False,locally_scored,1.0,,,results/eval/chinese_pipeline/hf_nk_babylm_zho_gpt2_hybrid/main/zero_shot/causal/zhoblimp/zhoblimp/best_temperature_report.txt
hf_nk_babylm_zho_gpt2_hybrid,GPT2 hybrid,GPT2,Hybrid,Chinese zero-shot,zhoblimp,noun_phrase_conjunction_jian,uid_accuracy,accuracy,0.9933,False,locally_scored,1.0,,,results/eval/chinese_pipeline/hf_nk_babylm_zho_gpt2_hybrid/main/zero_shot/causal/zhoblimp/zhoblimp/best_temperature_report.txt
hf_nk_babylm_zho_gpt2_hybrid,GPT2 hybrid,GPT2,Hybrid,Chinese zero-shot,zhoblimp,BA_no_progressive,uid_accuracy,accuracy,0.9667,False,locally_scored,1.0,,,results/eval/chinese_pipeline/hf_nk_babylm_zho_gpt2_hybrid/main/zero_shot/causal/zhoblimp/zhoblimp/best_temperature_report.txt
hf_nk_babylm_zho_gpt2_hybrid,GPT2 hybrid,GPT2,Hybrid,Chinese zero-shot,zhoblimp,left_dou,uid_accuracy,accuracy,0.85,False,locally_scored,1.0,,,results/eval/chinese_pipeline/hf_nk_babylm_zho_gpt2_hybrid/main/zero_shot/causal/zhoblimp/zhoblimp/best_temperature_report.txt
hf_nk_babylm_zho_gpt2_hybrid,GPT2 hybrid,GPT2,Hybrid,Chinese zero-shot,zhoblimp,principle_A_c_command_number,uid_accuracy,accuracy,0.0833,False,locally_scored,1.0,,,results/eval/chinese_pipeline/hf_nk_babylm_zho_gpt2_hybrid/main/zero_shot/causal/zhoblimp/zhoblimp/best_temperature_report.txt
hf_nk_babylm_zho_gpt2_hybrid,GPT2 hybrid,GPT2,Hybrid,Chinese zero-shot,zhoblimp,passive_agent_deletion_long_right_a,uid_accuracy,accuracy,0.02,False,locally_scored,1.0,,,results/eval/chinese_pipeline/hf_nk_babylm_zho_gpt2_hybrid/main/zero_shot/causal/zhoblimp/zhoblimp/best_temperature_report.txt
hf_nk_babylm_zho_gpt2_hybrid,GPT2 hybrid,GPT2,Hybrid,Chinese zero-shot,zhoblimp,passive_intransitive,uid_accuracy,accuracy,0.58,False,locally_scored,1.0,,,results/eval/chinese_pipeline/hf_nk_babylm_zho_gpt2_hybrid/main/zero_shot/causal/zhoblimp/zhoblimp/best_temperature_report.txt
hf_nk_babylm_zho_gpt2_hybrid,GPT2 hybrid,GPT2,Hybrid,Chinese zero-shot,zhoblimp,BA,linguistics_term_accuracy,accuracy,0.7862,False,locally_scored,1.0,,,results/eval/chinese_pipeline/hf_nk_babylm_zho_gpt2_hybrid/main/zero_shot/causal/zhoblimp/zhoblimp/best_temperature_report.txt
hf_nk_babylm_zho_gpt2_hybrid,GPT2 hybrid,GPT2,Hybrid,Chinese zero-shot,zhoblimp,nominal_expression,linguistics_term_accuracy,accuracy,0.8909,False,locally_scored,1.0,,,results/eval/chinese_pipeline/hf_nk_babylm_zho_gpt2_hybrid/main/zero_shot/causal/zhoblimp/zhoblimp/best_temperature_report.txt
hf_nk_babylm_zho_gpt2_hybrid,GPT2 hybrid,GPT2,Hybrid,Chinese zero-shot,zhoblimp,question,linguistics_term_accuracy,accuracy,0.8125,False,locally_scored,1.0,,,results/eval/chinese_pipeline/hf_nk_babylm_zho_gpt2_hybrid/main/zero_shot/causal/zhoblimp/zhoblimp/best_temperature_report.txt
hf_nk_babylm_zho_gpt2_hybrid,GPT2 hybrid,GPT2,Hybrid,Chinese zero-shot,zhoblimp,control_raising,linguistics_term_accuracy,accuracy,0.7533,False,locally_scored,1.0,,,results/eval/chinese_pipeline/hf_nk_babylm_zho_gpt2_hybrid/main/zero_shot/causal/zhoblimp/zhoblimp/best_temperature_report.txt
hf_nk_babylm_zho_gpt2_hybrid,GPT2 hybrid,GPT2,Hybrid,Chinese zero-shot,zhoblimp,passive,linguistics_term_accuracy,accuracy,0.4736,False,locally_scored,1.0,,,results/eval/chinese_pipeline/hf_nk_babylm_zho_gpt2_hybrid/main/zero_shot/causal/zhoblimp/zhoblimp/best_temperature_report.txt
hf_nk_babylm_zho_gpt2_hybrid,GPT2 hybrid,GPT2,Hybrid,Chinese zero-shot,zhoblimp,relativization,linguistics_term_accuracy,accuracy,0.795,False,locally_scored,1.0,,,results/eval/chinese_pipeline/hf_nk_babylm_zho_gpt2_hybrid/main/zero_shot/causal/zhoblimp/zhoblimp/best_temperature_report.txt
hf_nk_babylm_zho_gpt2_hybrid,GPT2 hybrid,GPT2,Hybrid,Chinese zero-shot,zhoblimp,ellipsis,linguistics_term_accuracy,accuracy,0.6278,False,locally_scored,1.0,,,results/eval/chinese_pipeline/hf_nk_babylm_zho_gpt2_hybrid/main/zero_shot/causal/zhoblimp/zhoblimp/best_temperature_report.txt
hf_nk_babylm_zho_gpt2_hybrid,GPT2 hybrid,GPT2,Hybrid,Chinese zero-shot,zhoblimp,classifier,linguistics_term_accuracy,accuracy,0.6744,False,locally_scored,1.0,,,results/eval/chinese_pipeline/hf_nk_babylm_zho_gpt2_hybrid/main/zero_shot/causal/zhoblimp/zhoblimp/best_temperature_report.txt
hf_nk_babylm_zho_gpt2_hybrid,GPT2 hybrid,GPT2,Hybrid,Chinese zero-shot,zhoblimp,verb_phrase,linguistics_term_accuracy,accuracy,0.7645000000000001,False,locally_scored,1.0,,,results/eval/chinese_pipeline/hf_nk_babylm_zho_gpt2_hybrid/main/zero_shot/causal/zhoblimp/zhoblimp/best_temperature_report.txt
hf_nk_babylm_zho_gpt2_hybrid,GPT2 hybrid,GPT2,Hybrid,Chinese zero-shot,zhoblimp,npi_licensing,linguistics_term_accuracy,accuracy,0.5263,False,locally_scored,1.0,,,results/eval/chinese_pipeline/hf_nk_babylm_zho_gpt2_hybrid/main/zero_shot/causal/zhoblimp/zhoblimp/best_temperature_report.txt
hf_nk_babylm_zho_gpt2_hybrid,GPT2 hybrid,GPT2,Hybrid,Chinese zero-shot,zhoblimp,anaphor,linguistics_term_accuracy,accuracy,0.5993999999999999,False,locally_scored,1.0,,,results/eval/chinese_pipeline/hf_nk_babylm_zho_gpt2_hybrid/main/zero_shot/causal/zhoblimp/zhoblimp/best_temperature_report.txt
hf_nk_babylm_zho_gpt2_hybrid,GPT2 hybrid,GPT2,Hybrid,Chinese zero-shot,zhoblimp,fci_licensing,linguistics_term_accuracy,accuracy,0.7867000000000001,False,locally_scored,1.0,,,results/eval/chinese_pipeline/hf_nk_babylm_zho_gpt2_hybrid/main/zero_shot/causal/zhoblimp/zhoblimp/best_temperature_report.txt
hf_nk_babylm_zho_gpt2_hybrid,GPT2 hybrid,GPT2,Hybrid,Chinese zero-shot,zhoblimp,quantifiers,linguistics_term_accuracy,accuracy,0.235,False,locally_scored,1.0,,,results/eval/chinese_pipeline/hf_nk_babylm_zho_gpt2_hybrid/main/zero_shot/causal/zhoblimp/zhoblimp/best_temperature_report.txt
hf_nk_babylm_zho_gpt2_hybrid,GPT2 hybrid,GPT2,Hybrid,Chinese zero-shot,zhoblimp,argument_structure,linguistics_term_accuracy,accuracy,0.7323999999999999,False,locally_scored,1.0,,,results/eval/chinese_pipeline/hf_nk_babylm_zho_gpt2_hybrid/main/zero_shot/causal/zhoblimp/zhoblimp/best_temperature_report.txt
hf_nk_babylm_zho_gpt2_hybrid,GPT2 hybrid,GPT2,Hybrid,Chinese zero-shot,zhoblimp,topicalization,linguistics_term_accuracy,accuracy,0.86,False,locally_scored,1.0,,,results/eval/chinese_pipeline/hf_nk_babylm_zho_gpt2_hybrid/main/zero_shot/causal/zhoblimp/zhoblimp/best_temperature_report.txt
hf_nk_babylm_zho_gpt2_hybrid,GPT2 hybrid,GPT2,Hybrid,Chinese zero-shot,zhoblimp,aggregate,average_accuracy,accuracy,0.7193,True,locally_scored,1.0,,,results/eval/chinese_pipeline/hf_nk_babylm_zho_gpt2_hybrid/main/zero_shot/causal/zhoblimp/zhoblimp/best_temperature_report.txt
hf_nk_babylm_zho_gpt2_hybrid,GPT2 hybrid,GPT2,Hybrid,Chinese zero-shot,hanzi_structure,bw,field_accuracy,accuracy,0.5424,False,locally_scored,1.0,,,results/eval/chinese_pipeline/hf_nk_babylm_zho_gpt2_hybrid/main/zero_shot/causal/hanzi_structure/hanzi_structure/best_temperature_report.txt
hf_nk_babylm_zho_gpt2_hybrid,GPT2 hybrid,GPT2,Hybrid,Chinese zero-shot,hanzi_structure,sx,field_accuracy,accuracy,0.5429999999999999,False,locally_scored,1.0,,,results/eval/chinese_pipeline/hf_nk_babylm_zho_gpt2_hybrid/main/zero_shot/causal/hanzi_structure/hanzi_structure/best_temperature_report.txt
hf_nk_babylm_zho_gpt2_hybrid,GPT2 hybrid,GPT2,Hybrid,Chinese zero-shot,hanzi_structure,szx,field_accuracy,accuracy,0.4211,False,locally_scored,1.0,,,results/eval/chinese_pipeline/hf_nk_babylm_zho_gpt2_hybrid/main/zero_shot/causal/hanzi_structure/hanzi_structure/best_temperature_report.txt
hf_nk_babylm_zho_gpt2_hybrid,GPT2 hybrid,GPT2,Hybrid,Chinese zero-shot,hanzi_structure,zy,field_accuracy,accuracy,0.5587,False,locally_scored,1.0,,,results/eval/chinese_pipeline/hf_nk_babylm_zho_gpt2_hybrid/main/zero_shot/causal/hanzi_structure/hanzi_structure/best_temperature_report.txt
hf_nk_babylm_zho_gpt2_hybrid,GPT2 hybrid,GPT2,Hybrid,Chinese zero-shot,hanzi_structure,zzy,field_accuracy,accuracy,0.5422,False,locally_scored,1.0,,,results/eval/chinese_pipeline/hf_nk_babylm_zho_gpt2_hybrid/main/zero_shot/causal/hanzi_structure/hanzi_structure/best_temperature_report.txt
hf_nk_babylm_zho_gpt2_hybrid,GPT2 hybrid,GPT2,Hybrid,Chinese zero-shot,hanzi_structure,component2whole,uid_accuracy,accuracy,0.5820000000000001,False,locally_scored,1.0,,,results/eval/chinese_pipeline/hf_nk_babylm_zho_gpt2_hybrid/main/zero_shot/causal/hanzi_structure/hanzi_structure/best_temperature_report.txt
hf_nk_babylm_zho_gpt2_hybrid,GPT2 hybrid,GPT2,Hybrid,Chinese zero-shot,hanzi_structure,whole2component,uid_accuracy,accuracy,0.51,False,locally_scored,1.0,,,results/eval/chinese_pipeline/hf_nk_babylm_zho_gpt2_hybrid/main/zero_shot/causal/hanzi_structure/hanzi_structure/best_temperature_report.txt
hf_nk_babylm_zho_gpt2_hybrid,GPT2 hybrid,GPT2,Hybrid,Chinese zero-shot,hanzi_structure,bw,linguistics_term_accuracy,accuracy,0.5424,False,locally_scored,1.0,,,results/eval/chinese_pipeline/hf_nk_babylm_zho_gpt2_hybrid/main/zero_shot/causal/hanzi_structure/hanzi_structure/best_temperature_report.txt
hf_nk_babylm_zho_gpt2_hybrid,GPT2 hybrid,GPT2,Hybrid,Chinese zero-shot,hanzi_structure,sx,linguistics_term_accuracy,accuracy,0.5429999999999999,False,locally_scored,1.0,,,results/eval/chinese_pipeline/hf_nk_babylm_zho_gpt2_hybrid/main/zero_shot/causal/hanzi_structure/hanzi_structure/best_temperature_report.txt
hf_nk_babylm_zho_gpt2_hybrid,GPT2 hybrid,GPT2,Hybrid,Chinese zero-shot,hanzi_structure,szx,linguistics_term_accuracy,accuracy,0.4211,False,locally_scored,1.0,,,results/eval/chinese_pipeline/hf_nk_babylm_zho_gpt2_hybrid/main/zero_shot/causal/hanzi_structure/hanzi_structure/best_temperature_report.txt
hf_nk_babylm_zho_gpt2_hybrid,GPT2 hybrid,GPT2,Hybrid,Chinese zero-shot,hanzi_structure,zy,linguistics_term_accuracy,accuracy,0.5587,False,locally_scored,1.0,,,results/eval/chinese_pipeline/hf_nk_babylm_zho_gpt2_hybrid/main/zero_shot/causal/hanzi_structure/hanzi_structure/best_temperature_report.txt
hf_nk_babylm_zho_gpt2_hybrid,GPT2 hybrid,GPT2,Hybrid,Chinese zero-shot,hanzi_structure,zzy,linguistics_term_accuracy,accuracy,0.5422,False,locally_scored,1.0,,,results/eval/chinese_pipeline/hf_nk_babylm_zho_gpt2_hybrid/main/zero_shot/causal/hanzi_structure/hanzi_structure/best_temperature_report.txt
hf_nk_babylm_zho_gpt2_hybrid,GPT2 hybrid,GPT2,Hybrid,Chinese zero-shot,hanzi_structure,aggregate,average_accuracy,accuracy,0.546,True,locally_scored,1.0,,,results/eval/chinese_pipeline/hf_nk_babylm_zho_gpt2_hybrid/main/zero_shot/causal/hanzi_structure/hanzi_structure/best_temperature_report.txt
hf_nk_babylm_zho_gpt2_hybrid,GPT2 hybrid,GPT2,Hybrid,Chinese zero-shot,hanzi_pinyin,class1_disjoint_freqgap_balanced,field_accuracy,accuracy,0.98,False,locally_scored,1.0,,,results/eval/chinese_pipeline/hf_nk_babylm_zho_gpt2_hybrid/main/zero_shot/causal/hanzi_pinyin/hanzi_pinyin/best_temperature_report.txt
hf_nk_babylm_zho_gpt2_hybrid,GPT2 hybrid,GPT2,Hybrid,Chinese zero-shot,hanzi_pinyin,class1_initial_diff_freqgap_balanced,field_accuracy,accuracy,0.978,False,locally_scored,1.0,,,results/eval/chinese_pipeline/hf_nk_babylm_zho_gpt2_hybrid/main/zero_shot/causal/hanzi_pinyin/hanzi_pinyin/best_temperature_report.txt
hf_nk_babylm_zho_gpt2_hybrid,GPT2 hybrid,GPT2,Hybrid,Chinese zero-shot,hanzi_pinyin,class1_rhyme_diff_freqgap_balanced,field_accuracy,accuracy,0.978,False,locally_scored,1.0,,,results/eval/chinese_pipeline/hf_nk_babylm_zho_gpt2_hybrid/main/zero_shot/causal/hanzi_pinyin/hanzi_pinyin/best_temperature_report.txt
hf_nk_babylm_zho_gpt2_hybrid,GPT2 hybrid,GPT2,Hybrid,Chinese zero-shot,hanzi_pinyin,class1_tone_diff_freqgap_balanced,field_accuracy,accuracy,0.9620000000000001,False,locally_scored,1.0,,,results/eval/chinese_pipeline/hf_nk_babylm_zho_gpt2_hybrid/main/zero_shot/causal/hanzi_pinyin/hanzi_pinyin/best_temperature_report.txt
hf_nk_babylm_zho_gpt2_hybrid,GPT2 hybrid,GPT2,Hybrid,Chinese zero-shot,hanzi_pinyin,class1_disjoint_freqgap_balanced,uid_accuracy,accuracy,0.98,False,locally_scored,1.0,,,results/eval/chinese_pipeline/hf_nk_babylm_zho_gpt2_hybrid/main/zero_shot/causal/hanzi_pinyin/hanzi_pinyin/best_temperature_report.txt
hf_nk_babylm_zho_gpt2_hybrid,GPT2 hybrid,GPT2,Hybrid,Chinese zero-shot,hanzi_pinyin,class1_initial_diff_freqgap_balanced,uid_accuracy,accuracy,0.978,False,locally_scored,1.0,,,results/eval/chinese_pipeline/hf_nk_babylm_zho_gpt2_hybrid/main/zero_shot/causal/hanzi_pinyin/hanzi_pinyin/best_temperature_report.txt
hf_nk_babylm_zho_gpt2_hybrid,GPT2 hybrid,GPT2,Hybrid,Chinese zero-shot,hanzi_pinyin,class1_rhyme_diff_freqgap_balanced,uid_accuracy,accuracy,0.978,False,locally_scored,1.0,,,results/eval/chinese_pipeline/hf_nk_babylm_zho_gpt2_hybrid/main/zero_shot/causal/hanzi_pinyin/hanzi_pinyin/best_temperature_report.txt
hf_nk_babylm_zho_gpt2_hybrid,GPT2 hybrid,GPT2,Hybrid,Chinese zero-shot,hanzi_pinyin,class1_tone_diff_freqgap_balanced,uid_accuracy,accuracy,0.9620000000000001,False,locally_scored,1.0,,,results/eval/chinese_pipeline/hf_nk_babylm_zho_gpt2_hybrid/main/zero_shot/causal/hanzi_pinyin/hanzi_pinyin/best_temperature_report.txt
hf_nk_babylm_zho_gpt2_hybrid,GPT2 hybrid,GPT2,Hybrid,Chinese zero-shot,hanzi_pinyin,class1_disjoint_freqgap_balanced,linguistics_term_accuracy,accuracy,0.98,False,locally_scored,1.0,,,results/eval/chinese_pipeline/hf_nk_babylm_zho_gpt2_hybrid/main/zero_shot/causal/hanzi_pinyin/hanzi_pinyin/best_temperature_report.txt
hf_nk_babylm_zho_gpt2_hybrid,GPT2 hybrid,GPT2,Hybrid,Chinese zero-shot,hanzi_pinyin,class1_initial_diff_freqgap_balanced,linguistics_term_accuracy,accuracy,0.978,False,locally_scored,1.0,,,results/eval/chinese_pipeline/hf_nk_babylm_zho_gpt2_hybrid/main/zero_shot/causal/hanzi_pinyin/hanzi_pinyin/best_temperature_report.txt
hf_nk_babylm_zho_gpt2_hybrid,GPT2 hybrid,GPT2,Hybrid,Chinese zero-shot,hanzi_pinyin,class1_rhyme_diff_freqgap_balanced,linguistics_term_accuracy,accuracy,0.978,False,locally_scored,1.0,,,results/eval/chinese_pipeline/hf_nk_babylm_zho_gpt2_hybrid/main/zero_shot/causal/hanzi_pinyin/hanzi_pinyin/best_temperature_report.txt
hf_nk_babylm_zho_gpt2_hybrid,GPT2 hybrid,GPT2,Hybrid,Chinese zero-shot,hanzi_pinyin,class1_tone_diff_freqgap_balanced,linguistics_term_accuracy,accuracy,0.9620000000000001,False,locally_scored,1.0,,,results/eval/chinese_pipeline/hf_nk_babylm_zho_gpt2_hybrid/main/zero_shot/causal/hanzi_pinyin/hanzi_pinyin/best_temperature_report.txt
hf_nk_babylm_zho_gpt2_hybrid,GPT2 hybrid,GPT2,Hybrid,Chinese zero-shot,hanzi_pinyin,aggregate,average_accuracy,accuracy,0.9745,True,locally_scored,1.0,,,results/eval/chinese_pipeline/hf_nk_babylm_zho_gpt2_hybrid/main/zero_shot/causal/hanzi_pinyin/hanzi_pinyin/best_temperature_report.txt
hf_nk_babylm_zho_gpt2_hybrid,GPT2 hybrid,GPT2,Hybrid,Chinese fine-tune,afqmc,zh,evaluation,accuracy,0.6895273401297498,True,locally_scored,,,,results/eval/chinese_pipeline/hf_nk_babylm_zho_gpt2_hybrid/main/finetune/afqmc/results.txt
hf_nk_babylm_zho_gpt2_hybrid,GPT2 hybrid,GPT2,Hybrid,Chinese fine-tune,afqmc,zh,evaluation,f1,0.002976190476190476,False,locally_scored,,,,results/eval/chinese_pipeline/hf_nk_babylm_zho_gpt2_hybrid/main/finetune/afqmc/results.txt
hf_nk_babylm_zho_gpt2_hybrid,GPT2 hybrid,GPT2,Hybrid,Chinese fine-tune,afqmc,zh,evaluation,mcc,0.0018816215351590317,False,locally_scored,,,,results/eval/chinese_pipeline/hf_nk_babylm_zho_gpt2_hybrid/main/finetune/afqmc/results.txt
hf_nk_babylm_zho_gpt2_hybrid,GPT2 hybrid,GPT2,Hybrid,Chinese fine-tune,ocnli,zh,evaluation,accuracy,0.615593220338983,True,locally_scored,,,,results/eval/chinese_pipeline/hf_nk_babylm_zho_gpt2_hybrid/main/finetune/ocnli/results.txt
hf_nk_babylm_zho_gpt2_hybrid,GPT2 hybrid,GPT2,Hybrid,Chinese fine-tune,tnews,zh,evaluation,accuracy,0.5264,True,locally_scored,,,,results/eval/chinese_pipeline/hf_nk_babylm_zho_gpt2_hybrid/main/finetune/tnews/results.txt
hf_nk_babylm_zho_gpt2_hybrid,GPT2 hybrid,GPT2,Hybrid,Chinese fine-tune,cluewsc2020,zh,evaluation,accuracy,0.6348684210526315,True,locally_scored,,,,results/eval/chinese_pipeline/hf_nk_babylm_zho_gpt2_hybrid/main/finetune/cluewsc2020/results.txt
hf_nk_babylm_zho_gpt2_hybrid,GPT2 hybrid,GPT2,Hybrid,Chinese fine-tune,cluewsc2020,zh,evaluation,f1,0.7757575757575758,False,locally_scored,,,,results/eval/chinese_pipeline/hf_nk_babylm_zho_gpt2_hybrid/main/finetune/cluewsc2020/results.txt
hf_nk_babylm_zho_gpt2_hybrid,GPT2 hybrid,GPT2,Hybrid,Chinese fine-tune,cluewsc2020,zh,evaluation,mcc,0.022795821056607275,False,locally_scored,,,,results/eval/chinese_pipeline/hf_nk_babylm_zho_gpt2_hybrid/main/finetune/cluewsc2020/results.txt
hf_nk_babylm_zho_gpt2_hybrid,GPT2 hybrid,GPT2,Hybrid,CogBench,word_fmri,aggregate,aggregate,mean,0.5572700661040111,True,locally_scored,,6,False,results/eval/chinese_pipeline/hf_nk_babylm_zho_gpt2_hybrid/main/cogbench/word_fmri/cogbench_word_fmri_hf_nk_babylm_zho_gpt2_hybrid_report.json
hf_nk_babylm_zho_gpt2_hybrid,GPT2 hybrid,GPT2,Hybrid,CogBench,word_fmri,aggregate,aggregate,min,0.5258995599671024,False,locally_scored,,6,False,results/eval/chinese_pipeline/hf_nk_babylm_zho_gpt2_hybrid/main/cogbench/word_fmri/cogbench_word_fmri_hf_nk_babylm_zho_gpt2_hybrid_report.json
hf_nk_babylm_zho_gpt2_hybrid,GPT2 hybrid,GPT2,Hybrid,CogBench,word_fmri,aggregate,aggregate,max,0.604176573708348,False,locally_scored,,6,False,results/eval/chinese_pipeline/hf_nk_babylm_zho_gpt2_hybrid/main/cogbench/word_fmri/cogbench_word_fmri_hf_nk_babylm_zho_gpt2_hybrid_report.json
hf_nk_babylm_zho_gpt2_hybrid,GPT2 hybrid,GPT2,Hybrid,CogBench,fmri,aggregate,aggregate,mean,0.08998289232835369,True,locally_scored,,36,False,results/eval/chinese_pipeline/hf_nk_babylm_zho_gpt2_hybrid/main/cogbench/fmri/cogbench_fmri_hf_nk_babylm_zho_gpt2_hybrid_report.json
hf_nk_babylm_zho_gpt2_hybrid,GPT2 hybrid,GPT2,Hybrid,CogBench,fmri,aggregate,aggregate,min,0.013882721208005662,False,locally_scored,,36,False,results/eval/chinese_pipeline/hf_nk_babylm_zho_gpt2_hybrid/main/cogbench/fmri/cogbench_fmri_hf_nk_babylm_zho_gpt2_hybrid_report.json
hf_nk_babylm_zho_gpt2_hybrid,GPT2 hybrid,GPT2,Hybrid,CogBench,fmri,aggregate,aggregate,max,0.23075336491547122,False,locally_scored,,36,False,results/eval/chinese_pipeline/hf_nk_babylm_zho_gpt2_hybrid/main/cogbench/fmri/cogbench_fmri_hf_nk_babylm_zho_gpt2_hybrid_report.json
hf_nk_babylm_zho_qwen2_hybrid,Qwen2 hybrid,Qwen2,Hybrid,Chinese zero-shot,zhoblimp,BA,field_accuracy,accuracy,0.78,False,locally_scored,1.0,,,results/eval/chinese_pipeline/hf_nk_babylm_zho_qwen2_hybrid/main/zero_shot/causal/zhoblimp/zhoblimp/best_temperature_report.txt
hf_nk_babylm_zho_qwen2_hybrid,Qwen2 hybrid,Qwen2,Hybrid,Chinese zero-shot,zhoblimp,nominal_expression,field_accuracy,accuracy,0.8803,False,locally_scored,1.0,,,results/eval/chinese_pipeline/hf_nk_babylm_zho_qwen2_hybrid/main/zero_shot/causal/zhoblimp/zhoblimp/best_temperature_report.txt
hf_nk_babylm_zho_qwen2_hybrid,Qwen2 hybrid,Qwen2,Hybrid,Chinese zero-shot,zhoblimp,question,field_accuracy,accuracy,0.8765000000000001,False,locally_scored,1.0,,,results/eval/chinese_pipeline/hf_nk_babylm_zho_qwen2_hybrid/main/zero_shot/causal/zhoblimp/zhoblimp/best_temperature_report.txt
hf_nk_babylm_zho_qwen2_hybrid,Qwen2 hybrid,Qwen2,Hybrid,Chinese zero-shot,zhoblimp,control_raising,field_accuracy,accuracy,0.8358,False,locally_scored,1.0,,,results/eval/chinese_pipeline/hf_nk_babylm_zho_qwen2_hybrid/main/zero_shot/causal/zhoblimp/zhoblimp/best_temperature_report.txt
hf_nk_babylm_zho_qwen2_hybrid,Qwen2 hybrid,Qwen2,Hybrid,Chinese zero-shot,zhoblimp,passive,field_accuracy,accuracy,0.5436,False,locally_scored,1.0,,,results/eval/chinese_pipeline/hf_nk_babylm_zho_qwen2_hybrid/main/zero_shot/causal/zhoblimp/zhoblimp/best_temperature_report.txt
hf_nk_babylm_zho_qwen2_hybrid,Qwen2 hybrid,Qwen2,Hybrid,Chinese zero-shot,zhoblimp,relativization,field_accuracy,accuracy,0.8375,False,locally_scored,1.0,,,results/eval/chinese_pipeline/hf_nk_babylm_zho_qwen2_hybrid/main/zero_shot/causal/zhoblimp/zhoblimp/best_temperature_report.txt
hf_nk_babylm_zho_qwen2_hybrid,Qwen2 hybrid,Qwen2,Hybrid,Chinese zero-shot,zhoblimp,ellipsis,field_accuracy,accuracy,0.5289,False,locally_scored,1.0,,,results/eval/chinese_pipeline/hf_nk_babylm_zho_qwen2_hybrid/main/zero_shot/causal/zhoblimp/zhoblimp/best_temperature_report.txt
hf_nk_babylm_zho_qwen2_hybrid,Qwen2 hybrid,Qwen2,Hybrid,Chinese zero-shot,zhoblimp,classifier,field_accuracy,accuracy,0.7211,False,locally_scored,1.0,,,results/eval/chinese_pipeline/hf_nk_babylm_zho_qwen2_hybrid/main/zero_shot/causal/zhoblimp/zhoblimp/best_temperature_report.txt
hf_nk_babylm_zho_qwen2_hybrid,Qwen2 hybrid,Qwen2,Hybrid,Chinese zero-shot,zhoblimp,verb_phrase,field_accuracy,accuracy,0.8031,False,locally_scored,1.0,,,results/eval/chinese_pipeline/hf_nk_babylm_zho_qwen2_hybrid/main/zero_shot/causal/zhoblimp/zhoblimp/best_temperature_report.txt
hf_nk_babylm_zho_qwen2_hybrid,Qwen2 hybrid,Qwen2,Hybrid,Chinese zero-shot,zhoblimp,npi_licensing,field_accuracy,accuracy,0.5863,False,locally_scored,1.0,,,results/eval/chinese_pipeline/hf_nk_babylm_zho_qwen2_hybrid/main/zero_shot/causal/zhoblimp/zhoblimp/best_temperature_report.txt
hf_nk_babylm_zho_qwen2_hybrid,Qwen2 hybrid,Qwen2,Hybrid,Chinese zero-shot,zhoblimp,anaphor,field_accuracy,accuracy,0.6378,False,locally_scored,1.0,,,results/eval/chinese_pipeline/hf_nk_babylm_zho_qwen2_hybrid/main/zero_shot/causal/zhoblimp/zhoblimp/best_temperature_report.txt
hf_nk_babylm_zho_qwen2_hybrid,Qwen2 hybrid,Qwen2,Hybrid,Chinese zero-shot,zhoblimp,fci_licensing,field_accuracy,accuracy,0.9079999999999999,False,locally_scored,1.0,,,results/eval/chinese_pipeline/hf_nk_babylm_zho_qwen2_hybrid/main/zero_shot/causal/zhoblimp/zhoblimp/best_temperature_report.txt
hf_nk_babylm_zho_qwen2_hybrid,Qwen2 hybrid,Qwen2,Hybrid,Chinese zero-shot,zhoblimp,quantifiers,field_accuracy,accuracy,0.45,False,locally_scored,1.0,,,results/eval/chinese_pipeline/hf_nk_babylm_zho_qwen2_hybrid/main/zero_shot/causal/zhoblimp/zhoblimp/best_temperature_report.txt
hf_nk_babylm_zho_qwen2_hybrid,Qwen2 hybrid,Qwen2,Hybrid,Chinese zero-shot,zhoblimp,argument_structure,field_accuracy,accuracy,0.7395,False,locally_scored,1.0,,,results/eval/chinese_pipeline/hf_nk_babylm_zho_qwen2_hybrid/main/zero_shot/causal/zhoblimp/zhoblimp/best_temperature_report.txt
hf_nk_babylm_zho_qwen2_hybrid,Qwen2 hybrid,Qwen2,Hybrid,Chinese zero-shot,zhoblimp,topicalization,field_accuracy,accuracy,0.84,False,locally_scored,1.0,,,results/eval/chinese_pipeline/hf_nk_babylm_zho_qwen2_hybrid/main/zero_shot/causal/zhoblimp/zhoblimp/best_temperature_report.txt
hf_nk_babylm_zho_qwen2_hybrid,Qwen2 hybrid,Qwen2,Hybrid,Chinese zero-shot,zhoblimp,BA_BEI_subj_drop,uid_accuracy,accuracy,0.31,False,locally_scored,1.0,,,results/eval/chinese_pipeline/hf_nk_babylm_zho_qwen2_hybrid/main/zero_shot/causal/zhoblimp/zhoblimp/best_temperature_report.txt
hf_nk_babylm_zho_qwen2_hybrid,Qwen2 hybrid,Qwen2,Hybrid,Chinese zero-shot,zhoblimp,you_quantifier_adj,uid_accuracy,accuracy,0.94,False,locally_scored,1.0,,,results/eval/chinese_pipeline/hf_nk_babylm_zho_qwen2_hybrid/main/zero_shot/causal/zhoblimp/zhoblimp/best_temperature_report.txt
hf_nk_babylm_zho_qwen2_hybrid,Qwen2 hybrid,Qwen2,Hybrid,Chinese zero-shot,zhoblimp,question_nandao_raising_2,uid_accuracy,accuracy,0.74,False,locally_scored,1.0,,,results/eval/chinese_pipeline/hf_nk_babylm_zho_qwen2_hybrid/main/zero_shot/causal/zhoblimp/zhoblimp/best_temperature_report.txt
hf_nk_babylm_zho_qwen2_hybrid,Qwen2 hybrid,Qwen2,Hybrid,Chinese zero-shot,zhoblimp,modal_raising_hui,uid_accuracy,accuracy,0.9233,False,locally_scored,1.0,,,results/eval/chinese_pipeline/hf_nk_babylm_zho_qwen2_hybrid/main/zero_shot/causal/zhoblimp/zhoblimp/best_temperature_report.txt
hf_nk_babylm_zho_qwen2_hybrid,Qwen2 hybrid,Qwen2,Hybrid,Chinese zero-shot,zhoblimp,you_yige,uid_accuracy,accuracy,0.97,False,locally_scored,1.0,,,results/eval/chinese_pipeline/hf_nk_babylm_zho_qwen2_hybrid/main/zero_shot/causal/zhoblimp/zhoblimp/best_temperature_report.txt
hf_nk_babylm_zho_qwen2_hybrid,Qwen2 hybrid,Qwen2,Hybrid,Chinese zero-shot,zhoblimp,BEI_construction_a,uid_accuracy,accuracy,0.8767,False,locally_scored,1.0,,,results/eval/chinese_pipeline/hf_nk_babylm_zho_qwen2_hybrid/main/zero_shot/causal/zhoblimp/zhoblimp/best_temperature_report.txt
hf_nk_babylm_zho_qwen2_hybrid,Qwen2 hybrid,Qwen2,Hybrid,Chinese zero-shot,zhoblimp,passive_body_part,uid_accuracy,accuracy,0.9667,False,locally_scored,1.0,,,results/eval/chinese_pipeline/hf_nk_babylm_zho_qwen2_hybrid/main/zero_shot/causal/zhoblimp/zhoblimp/best_temperature_report.txt
hf_nk_babylm_zho_qwen2_hybrid,Qwen2 hybrid,Qwen2,Hybrid,Chinese zero-shot,zhoblimp,relativization_movement_when_where,uid_accuracy,accuracy,1.0,False,locally_scored,1.0,,,results/eval/chinese_pipeline/hf_nk_babylm_zho_qwen2_hybrid/main/zero_shot/causal/zhoblimp/zhoblimp/best_temperature_report.txt
hf_nk_babylm_zho_qwen2_hybrid,Qwen2 hybrid,Qwen2,Hybrid,Chinese zero-shot,zhoblimp,question_nandao_negation,uid_accuracy,accuracy,1.0,False,locally_scored,1.0,,,results/eval/chinese_pipeline/hf_nk_babylm_zho_qwen2_hybrid/main/zero_shot/causal/zhoblimp/zhoblimp/best_temperature_report.txt
hf_nk_babylm_zho_qwen2_hybrid,Qwen2 hybrid,Qwen2,Hybrid,Chinese zero-shot,zhoblimp,BA_verb_le_b,uid_accuracy,accuracy,0.7267,False,locally_scored,1.0,,,results/eval/chinese_pipeline/hf_nk_babylm_zho_qwen2_hybrid/main/zero_shot/causal/zhoblimp/zhoblimp/best_temperature_report.txt
hf_nk_babylm_zho_qwen2_hybrid,Qwen2 hybrid,Qwen2,Hybrid,Chinese zero-shot,zhoblimp,BEI_preposition,uid_accuracy,accuracy,0.9167000000000001,False,locally_scored,1.0,,,results/eval/chinese_pipeline/hf_nk_babylm_zho_qwen2_hybrid/main/zero_shot/causal/zhoblimp/zhoblimp/best_temperature_report.txt
hf_nk_babylm_zho_qwen2_hybrid,Qwen2 hybrid,Qwen2,Hybrid,Chinese zero-shot,zhoblimp,ellipsis_adj,uid_accuracy,accuracy,0.5,False,locally_scored,1.0,,,results/eval/chinese_pipeline/hf_nk_babylm_zho_qwen2_hybrid/main/zero_shot/causal/zhoblimp/zhoblimp/best_temperature_report.txt
hf_nk_babylm_zho_qwen2_hybrid,Qwen2 hybrid,Qwen2,Hybrid,Chinese zero-shot,zhoblimp,passive_suo,uid_accuracy,accuracy,0.46,False,locally_scored,1.0,,,results/eval/chinese_pipeline/hf_nk_babylm_zho_qwen2_hybrid/main/zero_shot/causal/zhoblimp/zhoblimp/best_temperature_report.txt
hf_nk_babylm_zho_qwen2_hybrid,Qwen2 hybrid,Qwen2,Hybrid,Chinese zero-shot,zhoblimp,control_modal_vs_raising_modal,uid_accuracy,accuracy,0.9933,False,locally_scored,1.0,,,results/eval/chinese_pipeline/hf_nk_babylm_zho_qwen2_hybrid/main/zero_shot/causal/zhoblimp/zhoblimp/best_temperature_report.txt
hf_nk_babylm_zho_qwen2_hybrid,Qwen2 hybrid,Qwen2,Hybrid,Chinese zero-shot,zhoblimp,question_daodi_nandao_2,uid_accuracy,accuracy,0.8033,False,locally_scored,1.0,,,results/eval/chinese_pipeline/hf_nk_babylm_zho_qwen2_hybrid/main/zero_shot/causal/zhoblimp/zhoblimp/best_temperature_report.txt
hf_nk_babylm_zho_qwen2_hybrid,Qwen2 hybrid,Qwen2,Hybrid,Chinese zero-shot,zhoblimp,classifier_noun_agreement,uid_accuracy,accuracy,0.9,False,locally_scored,1.0,,,results/eval/chinese_pipeline/hf_nk_babylm_zho_qwen2_hybrid/main/zero_shot/causal/zhoblimp/zhoblimp/best_temperature_report.txt
hf_nk_babylm_zho_qwen2_hybrid,Qwen2 hybrid,Qwen2,Hybrid,Chinese zero-shot,zhoblimp,right_yijing_b,uid_accuracy,accuracy,0.5832999999999999,False,locally_scored,1.0,,,results/eval/chinese_pipeline/hf_nk_babylm_zho_qwen2_hybrid/main/zero_shot/causal/zhoblimp/zhoblimp/best_temperature_report.txt
hf_nk_babylm_zho_qwen2_hybrid,Qwen2 hybrid,Qwen2,Hybrid,Chinese zero-shot,zhoblimp,renhe_no_episodic_sentences,uid_accuracy,accuracy,0.8267,False,locally_scored,1.0,,,results/eval/chinese_pipeline/hf_nk_babylm_zho_qwen2_hybrid/main/zero_shot/causal/zhoblimp/zhoblimp/best_temperature_report.txt
hf_nk_babylm_zho_qwen2_hybrid,Qwen2 hybrid,Qwen2,Hybrid,Chinese zero-shot,zhoblimp,npi_renhe_wh_question_obj,uid_accuracy,accuracy,0.95,False,locally_scored,1.0,,,results/eval/chinese_pipeline/hf_nk_babylm_zho_qwen2_hybrid/main/zero_shot/causal/zhoblimp/zhoblimp/best_temperature_report.txt
hf_nk_babylm_zho_qwen2_hybrid,Qwen2 hybrid,Qwen2,Hybrid,Chinese zero-shot,zhoblimp,question_daodi_negation,uid_accuracy,accuracy,0.6033,False,locally_scored,1.0,,,results/eval/chinese_pipeline/hf_nk_babylm_zho_qwen2_hybrid/main/zero_shot/causal/zhoblimp/zhoblimp/best_temperature_report.txt
hf_nk_babylm_zho_qwen2_hybrid,Qwen2 hybrid,Qwen2,Hybrid,Chinese zero-shot,zhoblimp,BA_inversion,uid_accuracy,accuracy,0.9033,False,locally_scored,1.0,,,results/eval/chinese_pipeline/hf_nk_babylm_zho_qwen2_hybrid/main/zero_shot/causal/zhoblimp/zhoblimp/best_temperature_report.txt
hf_nk_babylm_zho_qwen2_hybrid,Qwen2 hybrid,Qwen2,Hybrid,Chinese zero-shot,zhoblimp,question_nandao_raising_1_a,uid_accuracy,accuracy,1.0,False,locally_scored,1.0,,,results/eval/chinese_pipeline/hf_nk_babylm_zho_qwen2_hybrid/main/zero_shot/causal/zhoblimp/zhoblimp/best_temperature_report.txt
hf_nk_babylm_zho_qwen2_hybrid,Qwen2 hybrid,Qwen2,Hybrid,Chinese zero-shot,zhoblimp,question_particle_daodi_choice_intran,uid_accuracy,accuracy,0.9867,False,locally_scored,1.0,,,results/eval/chinese_pipeline/hf_nk_babylm_zho_qwen2_hybrid/main/zero_shot/causal/zhoblimp/zhoblimp/best_temperature_report.txt
hf_nk_babylm_zho_qwen2_hybrid,Qwen2 hybrid,Qwen2,Hybrid,Chinese zero-shot,zhoblimp,anaphor_gender_agreement,uid_accuracy,accuracy,0.5133,False,locally_scored,1.0,,,results/eval/chinese_pipeline/hf_nk_babylm_zho_qwen2_hybrid/main/zero_shot/causal/zhoblimp/zhoblimp/best_temperature_report.txt
hf_nk_babylm_zho_qwen2_hybrid,Qwen2 hybrid,Qwen2,Hybrid,Chinese zero-shot,zhoblimp,question_nandao_scope_2,uid_accuracy,accuracy,0.9433,False,locally_scored,1.0,,,results/eval/chinese_pipeline/hf_nk_babylm_zho_qwen2_hybrid/main/zero_shot/causal/zhoblimp/zhoblimp/best_temperature_report.txt
hf_nk_babylm_zho_qwen2_hybrid,Qwen2 hybrid,Qwen2,Hybrid,Chinese zero-shot,zhoblimp,principle_A_domain_number,uid_accuracy,accuracy,0.87,False,locally_scored,1.0,,,results/eval/chinese_pipeline/hf_nk_babylm_zho_qwen2_hybrid/main/zero_shot/causal/zhoblimp/zhoblimp/best_temperature_report.txt
hf_nk_babylm_zho_qwen2_hybrid,Qwen2 hybrid,Qwen2,Hybrid,Chinese zero-shot,zhoblimp,npi_renhe_neg_scope_subj,uid_accuracy,accuracy,0.6033,False,locally_scored,1.0,,,results/eval/chinese_pipeline/hf_nk_babylm_zho_qwen2_hybrid/main/zero_shot/causal/zhoblimp/zhoblimp/best_temperature_report.txt
hf_nk_babylm_zho_qwen2_hybrid,Qwen2 hybrid,Qwen2,Hybrid,Chinese zero-shot,zhoblimp,passive_no_adj,uid_accuracy,accuracy,0.8667,False,locally_scored,1.0,,,results/eval/chinese_pipeline/hf_nk_babylm_zho_qwen2_hybrid/main/zero_shot/causal/zhoblimp/zhoblimp/best_temperature_report.txt
hf_nk_babylm_zho_qwen2_hybrid,Qwen2 hybrid,Qwen2,Hybrid,Chinese zero-shot,zhoblimp,question_A_not_A_indirect,uid_accuracy,accuracy,0.9967,False,locally_scored,1.0,,,results/eval/chinese_pipeline/hf_nk_babylm_zho_qwen2_hybrid/main/zero_shot/causal/zhoblimp/zhoblimp/best_temperature_report.txt
hf_nk_babylm_zho_qwen2_hybrid,Qwen2 hybrid,Qwen2,Hybrid,Chinese zero-shot,zhoblimp,fci_renhe_suoyou,uid_accuracy,accuracy,0.9967,False,locally_scored,1.0,,,results/eval/chinese_pipeline/hf_nk_babylm_zho_qwen2_hybrid/main/zero_shot/causal/zhoblimp/zhoblimp/best_temperature_report.txt
hf_nk_babylm_zho_qwen2_hybrid,Qwen2 hybrid,Qwen2,Hybrid,Chinese zero-shot,zhoblimp,BA_suo_adverbial_b,uid_accuracy,accuracy,0.98,False,locally_scored,1.0,,,results/eval/chinese_pipeline/hf_nk_babylm_zho_qwen2_hybrid/main/zero_shot/causal/zhoblimp/zhoblimp/best_temperature_report.txt
hf_nk_babylm_zho_qwen2_hybrid,Qwen2 hybrid,Qwen2,Hybrid,Chinese zero-shot,zhoblimp,passive_agent_deletion_short,uid_accuracy,accuracy,0.0,False,locally_scored,1.0,,,results/eval/chinese_pipeline/hf_nk_babylm_zho_qwen2_hybrid/main/zero_shot/causal/zhoblimp/zhoblimp/best_temperature_report.txt
hf_nk_babylm_zho_qwen2_hybrid,Qwen2 hybrid,Qwen2,Hybrid,Chinese zero-shot,zhoblimp,superlative_quantifiers_2,uid_accuracy,accuracy,0.41,False,locally_scored,1.0,,,results/eval/chinese_pipeline/hf_nk_babylm_zho_qwen2_hybrid/main/zero_shot/causal/zhoblimp/zhoblimp/best_temperature_report.txt
hf_nk_babylm_zho_qwen2_hybrid,Qwen2 hybrid,Qwen2,Hybrid,Chinese zero-shot,zhoblimp,agent_animacy_passive,uid_accuracy,accuracy,0.5767,False,locally_scored,1.0,,,results/eval/chinese_pipeline/hf_nk_babylm_zho_qwen2_hybrid/main/zero_shot/causal/zhoblimp/zhoblimp/best_temperature_report.txt
hf_nk_babylm_zho_qwen2_hybrid,Qwen2 hybrid,Qwen2,Hybrid,Chinese zero-shot,zhoblimp,npi_renhe_neg_scope_locP,uid_accuracy,accuracy,0.9067000000000001,False,locally_scored,1.0,,,results/eval/chinese_pipeline/hf_nk_babylm_zho_qwen2_hybrid/main/zero_shot/causal/zhoblimp/zhoblimp/best_temperature_report.txt
hf_nk_babylm_zho_qwen2_hybrid,Qwen2 hybrid,Qwen2,Hybrid,Chinese zero-shot,zhoblimp,plural_cardinal_men_a,uid_accuracy,accuracy,1.0,False,locally_scored,1.0,,,results/eval/chinese_pipeline/hf_nk_babylm_zho_qwen2_hybrid/main/zero_shot/causal/zhoblimp/zhoblimp/best_temperature_report.txt
hf_nk_babylm_zho_qwen2_hybrid,Qwen2 hybrid,Qwen2,Hybrid,Chinese zero-shot,zhoblimp,principle_A_c_command,uid_accuracy,accuracy,1.0,False,locally_scored,1.0,,,results/eval/chinese_pipeline/hf_nk_babylm_zho_qwen2_hybrid/main/zero_shot/causal/zhoblimp/zhoblimp/best_temperature_report.txt
hf_nk_babylm_zho_qwen2_hybrid,Qwen2 hybrid,Qwen2,Hybrid,Chinese zero-shot,zhoblimp,question_daodi_nandao_1,uid_accuracy,accuracy,0.9833,False,locally_scored,1.0,,,results/eval/chinese_pipeline/hf_nk_babylm_zho_qwen2_hybrid/main/zero_shot/causal/zhoblimp/zhoblimp/best_temperature_report.txt
hf_nk_babylm_zho_qwen2_hybrid,Qwen2 hybrid,Qwen2,Hybrid,Chinese zero-shot,zhoblimp,preposition_insertion,uid_accuracy,accuracy,0.92,False,locally_scored,1.0,,,results/eval/chinese_pipeline/hf_nk_babylm_zho_qwen2_hybrid/main/zero_shot/causal/zhoblimp/zhoblimp/best_temperature_report.txt
hf_nk_babylm_zho_qwen2_hybrid,Qwen2 hybrid,Qwen2,Hybrid,Chinese zero-shot,zhoblimp,BEI_construction_b,uid_accuracy,accuracy,0.9467,False,locally_scored,1.0,,,results/eval/chinese_pipeline/hf_nk_babylm_zho_qwen2_hybrid/main/zero_shot/causal/zhoblimp/zhoblimp/best_temperature_report.txt
hf_nk_babylm_zho_qwen2_hybrid,Qwen2 hybrid,Qwen2,Hybrid,Chinese zero-shot,zhoblimp,ellipsis_n_bar_class,uid_accuracy,accuracy,0.5467,False,locally_scored,1.0,,,results/eval/chinese_pipeline/hf_nk_babylm_zho_qwen2_hybrid/main/zero_shot/causal/zhoblimp/zhoblimp/best_temperature_report.txt
hf_nk_babylm_zho_qwen2_hybrid,Qwen2 hybrid,Qwen2,Hybrid,Chinese zero-shot,zhoblimp,question_particle_daodi_choice_tran,uid_accuracy,accuracy,0.9833,False,locally_scored,1.0,,,results/eval/chinese_pipeline/hf_nk_babylm_zho_qwen2_hybrid/main/zero_shot/causal/zhoblimp/zhoblimp/best_temperature_report.txt
hf_nk_babylm_zho_qwen2_hybrid,Qwen2 hybrid,Qwen2,Hybrid,Chinese zero-shot,zhoblimp,plural_cardinal_men_b,uid_accuracy,accuracy,1.0,False,locally_scored,1.0,,,results/eval/chinese_pipeline/hf_nk_babylm_zho_qwen2_hybrid/main/zero_shot/causal/zhoblimp/zhoblimp/best_temperature_report.txt
hf_nk_babylm_zho_qwen2_hybrid,Qwen2 hybrid,Qwen2,Hybrid,Chinese zero-shot,zhoblimp,agent_animacy_adv,uid_accuracy,accuracy,0.96,False,locally_scored,1.0,,,results/eval/chinese_pipeline/hf_nk_babylm_zho_qwen2_hybrid/main/zero_shot/causal/zhoblimp/zhoblimp/best_temperature_report.txt
hf_nk_babylm_zho_qwen2_hybrid,Qwen2 hybrid,Qwen2,Hybrid,Chinese zero-shot,zhoblimp,verb_negation_particle,uid_accuracy,accuracy,0.8233,False,locally_scored,1.0,,,results/eval/chinese_pipeline/hf_nk_babylm_zho_qwen2_hybrid/main/zero_shot/causal/zhoblimp/zhoblimp/best_temperature_report.txt
hf_nk_babylm_zho_qwen2_hybrid,Qwen2 hybrid,Qwen2,Hybrid,Chinese zero-shot,zhoblimp,fci_renhe_prepP,uid_accuracy,accuracy,1.0,False,locally_scored,1.0,,,results/eval/chinese_pipeline/hf_nk_babylm_zho_qwen2_hybrid/main/zero_shot/causal/zhoblimp/zhoblimp/best_temperature_report.txt
hf_nk_babylm_zho_qwen2_hybrid,Qwen2 hybrid,Qwen2,Hybrid,Chinese zero-shot,zhoblimp,right_yijing_a,uid_accuracy,accuracy,0.8432999999999999,False,locally_scored,1.0,,,results/eval/chinese_pipeline/hf_nk_babylm_zho_qwen2_hybrid/main/zero_shot/causal/zhoblimp/zhoblimp/best_temperature_report.txt
hf_nk_babylm_zho_qwen2_hybrid,Qwen2 hybrid,Qwen2,Hybrid,Chinese zero-shot,zhoblimp,intransitive_double_obj,uid_accuracy,accuracy,0.7033,False,locally_scored,1.0,,,results/eval/chinese_pipeline/hf_nk_babylm_zho_qwen2_hybrid/main/zero_shot/causal/zhoblimp/zhoblimp/best_temperature_report.txt
hf_nk_babylm_zho_qwen2_hybrid,Qwen2 hybrid,Qwen2,Hybrid,Chinese zero-shot,zhoblimp,anaphor_number_agreement,uid_accuracy,accuracy,0.3233,False,locally_scored,1.0,,,results/eval/chinese_pipeline/hf_nk_babylm_zho_qwen2_hybrid/main/zero_shot/causal/zhoblimp/zhoblimp/best_temperature_report.txt
hf_nk_babylm_zho_qwen2_hybrid,Qwen2 hybrid,Qwen2,Hybrid,Chinese zero-shot,zhoblimp,left_adverbial_negation,uid_accuracy,accuracy,0.51,False,locally_scored,1.0,,,results/eval/chinese_pipeline/hf_nk_babylm_zho_qwen2_hybrid/main/zero_shot/causal/zhoblimp/zhoblimp/best_temperature_report.txt
hf_nk_babylm_zho_qwen2_hybrid,Qwen2 hybrid,Qwen2,Hybrid,Chinese zero-shot,zhoblimp,npi_renhe_A_not_A_question,uid_accuracy,accuracy,0.1067,False,locally_scored,1.0,,,results/eval/chinese_pipeline/hf_nk_babylm_zho_qwen2_hybrid/main/zero_shot/causal/zhoblimp/zhoblimp/best_temperature_report.txt
hf_nk_babylm_zho_qwen2_hybrid,Qwen2 hybrid,Qwen2,Hybrid,Chinese zero-shot,zhoblimp,modal_raising_topicalization,uid_accuracy,accuracy,0.69,False,locally_scored,1.0,,,results/eval/chinese_pipeline/hf_nk_babylm_zho_qwen2_hybrid/main/zero_shot/causal/zhoblimp/zhoblimp/best_temperature_report.txt
hf_nk_babylm_zho_qwen2_hybrid,Qwen2 hybrid,Qwen2,Hybrid,Chinese zero-shot,zhoblimp,relative_operator_who,uid_accuracy,accuracy,1.0,False,locally_scored,1.0,,,results/eval/chinese_pipeline/hf_nk_babylm_zho_qwen2_hybrid/main/zero_shot/causal/zhoblimp/zhoblimp/best_temperature_report.txt
hf_nk_babylm_zho_qwen2_hybrid,Qwen2 hybrid,Qwen2,Hybrid,Chinese zero-shot,zhoblimp,renhe_no_superordinate_negation,uid_accuracy,accuracy,0.43670000000000003,False,locally_scored,1.0,,,results/eval/chinese_pipeline/hf_nk_babylm_zho_qwen2_hybrid/main/zero_shot/causal/zhoblimp/zhoblimp/best_temperature_report.txt
hf_nk_babylm_zho_qwen2_hybrid,Qwen2 hybrid,Qwen2,Hybrid,Chinese zero-shot,zhoblimp,left_adverbial_d,uid_accuracy,accuracy,0.91,False,locally_scored,1.0,,,results/eval/chinese_pipeline/hf_nk_babylm_zho_qwen2_hybrid/main/zero_shot/causal/zhoblimp/zhoblimp/best_temperature_report.txt
hf_nk_babylm_zho_qwen2_hybrid,Qwen2 hybrid,Qwen2,Hybrid,Chinese zero-shot,zhoblimp,question_daodi_nandao_A_not_A_intran,uid_accuracy,accuracy,0.92,False,locally_scored,1.0,,,results/eval/chinese_pipeline/hf_nk_babylm_zho_qwen2_hybrid/main/zero_shot/causal/zhoblimp/zhoblimp/best_temperature_report.txt
hf_nk_babylm_zho_qwen2_hybrid,Qwen2 hybrid,Qwen2,Hybrid,Chinese zero-shot,zhoblimp,PN_numP_a,uid_accuracy,accuracy,0.9967,False,locally_scored,1.0,,,results/eval/chinese_pipeline/hf_nk_babylm_zho_qwen2_hybrid/main/zero_shot/causal/zhoblimp/zhoblimp/best_temperature_report.txt
hf_nk_babylm_zho_qwen2_hybrid,Qwen2 hybrid,Qwen2,Hybrid,Chinese zero-shot,zhoblimp,adjective_transitive_dui,uid_accuracy,accuracy,0.7232999999999999,False,locally_scored,1.0,,,results/eval/chinese_pipeline/hf_nk_babylm_zho_qwen2_hybrid/main/zero_shot/causal/zhoblimp/zhoblimp/best_temperature_report.txt
hf_nk_babylm_zho_qwen2_hybrid,Qwen2 hybrid,Qwen2,Hybrid,Chinese zero-shot,zhoblimp,BA_duplicate_argument,uid_accuracy,accuracy,1.0,False,locally_scored,1.0,,,results/eval/chinese_pipeline/hf_nk_babylm_zho_qwen2_hybrid/main/zero_shot/causal/zhoblimp/zhoblimp/best_temperature_report.txt
hf_nk_babylm_zho_qwen2_hybrid,Qwen2 hybrid,Qwen2,Hybrid,Chinese zero-shot,zhoblimp,agent_animacy_subj,uid_accuracy,accuracy,0.5832999999999999,False,locally_scored,1.0,,,results/eval/chinese_pipeline/hf_nk_babylm_zho_qwen2_hybrid/main/zero_shot/causal/zhoblimp/zhoblimp/best_temperature_report.txt
hf_nk_babylm_zho_qwen2_hybrid,Qwen2 hybrid,Qwen2,Hybrid,Chinese zero-shot,zhoblimp,topicalization_OSV_mei,uid_accuracy,accuracy,0.7267,False,locally_scored,1.0,,,results/eval/chinese_pipeline/hf_nk_babylm_zho_qwen2_hybrid/main/zero_shot/causal/zhoblimp/zhoblimp/best_temperature_report.txt
hf_nk_babylm_zho_qwen2_hybrid,Qwen2 hybrid,Qwen2,Hybrid,Chinese zero-shot,zhoblimp,fci_renhe_subj,uid_accuracy,accuracy,0.99,False,locally_scored,1.0,,,results/eval/chinese_pipeline/hf_nk_babylm_zho_qwen2_hybrid/main/zero_shot/causal/zhoblimp/zhoblimp/best_temperature_report.txt
hf_nk_babylm_zho_qwen2_hybrid,Qwen2 hybrid,Qwen2,Hybrid,Chinese zero-shot,zhoblimp,BA_negation,uid_accuracy,accuracy,0.6733,False,locally_scored,1.0,,,results/eval/chinese_pipeline/hf_nk_babylm_zho_qwen2_hybrid/main/zero_shot/causal/zhoblimp/zhoblimp/best_temperature_report.txt
hf_nk_babylm_zho_qwen2_hybrid,Qwen2 hybrid,Qwen2,Hybrid,Chinese zero-shot,zhoblimp,intransitive_no_obj,uid_accuracy,accuracy,0.7132999999999999,False,locally_scored,1.0,,,results/eval/chinese_pipeline/hf_nk_babylm_zho_qwen2_hybrid/main/zero_shot/causal/zhoblimp/zhoblimp/best_temperature_report.txt
hf_nk_babylm_zho_qwen2_hybrid,Qwen2 hybrid,Qwen2,Hybrid,Chinese zero-shot,zhoblimp,question_V_not_VP_1,uid_accuracy,accuracy,0.45,False,locally_scored,1.0,,,results/eval/chinese_pipeline/hf_nk_babylm_zho_qwen2_hybrid/main/zero_shot/causal/zhoblimp/zhoblimp/best_temperature_report.txt
hf_nk_babylm_zho_qwen2_hybrid,Qwen2 hybrid,Qwen2,Hybrid,Chinese zero-shot,zhoblimp,renhe_non_factive_verb,uid_accuracy,accuracy,0.6733,False,locally_scored,1.0,,,results/eval/chinese_pipeline/hf_nk_babylm_zho_qwen2_hybrid/main/zero_shot/causal/zhoblimp/zhoblimp/best_temperature_report.txt
hf_nk_babylm_zho_qwen2_hybrid,Qwen2 hybrid,Qwen2,Hybrid,Chinese zero-shot,zhoblimp,question_A_not_A_daodi_b,uid_accuracy,accuracy,0.96,False,locally_scored,1.0,,,results/eval/chinese_pipeline/hf_nk_babylm_zho_qwen2_hybrid/main/zero_shot/causal/zhoblimp/zhoblimp/best_temperature_report.txt
hf_nk_babylm_zho_qwen2_hybrid,Qwen2 hybrid,Qwen2,Hybrid,Chinese zero-shot,zhoblimp,question_V_not_VP_2,uid_accuracy,accuracy,0.84,False,locally_scored,1.0,,,results/eval/chinese_pipeline/hf_nk_babylm_zho_qwen2_hybrid/main/zero_shot/causal/zhoblimp/zhoblimp/best_temperature_report.txt
hf_nk_babylm_zho_qwen2_hybrid,Qwen2 hybrid,Qwen2,Hybrid,Chinese zero-shot,zhoblimp,PN_numP_b,uid_accuracy,accuracy,0.9667,False,locally_scored,1.0,,,results/eval/chinese_pipeline/hf_nk_babylm_zho_qwen2_hybrid/main/zero_shot/causal/zhoblimp/zhoblimp/best_temperature_report.txt
hf_nk_babylm_zho_qwen2_hybrid,Qwen2 hybrid,Qwen2,Hybrid,Chinese zero-shot,zhoblimp,principle_A_domain,uid_accuracy,accuracy,0.99,False,locally_scored,1.0,,,results/eval/chinese_pipeline/hf_nk_babylm_zho_qwen2_hybrid/main/zero_shot/causal/zhoblimp/zhoblimp/best_temperature_report.txt
hf_nk_babylm_zho_qwen2_hybrid,Qwen2 hybrid,Qwen2,Hybrid,Chinese zero-shot,zhoblimp,agent_deletion,uid_accuracy,accuracy,0.9467,False,locally_scored,1.0,,,results/eval/chinese_pipeline/hf_nk_babylm_zho_qwen2_hybrid/main/zero_shot/causal/zhoblimp/zhoblimp/best_temperature_report.txt
hf_nk_babylm_zho_qwen2_hybrid,Qwen2 hybrid,Qwen2,Hybrid,Chinese zero-shot,zhoblimp,preposition_deletion,uid_accuracy,accuracy,0.8033,False,locally_scored,1.0,,,results/eval/chinese_pipeline/hf_nk_babylm_zho_qwen2_hybrid/main/zero_shot/causal/zhoblimp/zhoblimp/best_temperature_report.txt
hf_nk_babylm_zho_qwen2_hybrid,Qwen2 hybrid,Qwen2,Hybrid,Chinese zero-shot,zhoblimp,nominal_definite_men,uid_accuracy,accuracy,0.9833,False,locally_scored,1.0,,,results/eval/chinese_pipeline/hf_nk_babylm_zho_qwen2_hybrid/main/zero_shot/causal/zhoblimp/zhoblimp/best_temperature_report.txt
hf_nk_babylm_zho_qwen2_hybrid,Qwen2 hybrid,Qwen2,Hybrid,Chinese zero-shot,zhoblimp,relativization_movement_no_gap,uid_accuracy,accuracy,0.9967,False,locally_scored,1.0,,,results/eval/chinese_pipeline/hf_nk_babylm_zho_qwen2_hybrid/main/zero_shot/causal/zhoblimp/zhoblimp/best_temperature_report.txt
hf_nk_babylm_zho_qwen2_hybrid,Qwen2 hybrid,Qwen2,Hybrid,Chinese zero-shot,zhoblimp,question_A_not_A_daodi_a,uid_accuracy,accuracy,0.9732999999999999,False,locally_scored,1.0,,,results/eval/chinese_pipeline/hf_nk_babylm_zho_qwen2_hybrid/main/zero_shot/causal/zhoblimp/zhoblimp/best_temperature_report.txt
hf_nk_babylm_zho_qwen2_hybrid,Qwen2 hybrid,Qwen2,Hybrid,Chinese zero-shot,zhoblimp,verb_phrase_left_negation,uid_accuracy,accuracy,0.7933,False,locally_scored,1.0,,,results/eval/chinese_pipeline/hf_nk_babylm_zho_qwen2_hybrid/main/zero_shot/causal/zhoblimp/zhoblimp/best_temperature_report.txt
hf_nk_babylm_zho_qwen2_hybrid,Qwen2 hybrid,Qwen2,Hybrid,Chinese zero-shot,zhoblimp,question_nandao_scope_1,uid_accuracy,accuracy,0.3533,False,locally_scored,1.0,,,results/eval/chinese_pipeline/hf_nk_babylm_zho_qwen2_hybrid/main/zero_shot/causal/zhoblimp/zhoblimp/best_temperature_report.txt
hf_nk_babylm_zho_qwen2_hybrid,Qwen2 hybrid,Qwen2,Hybrid,Chinese zero-shot,zhoblimp,classifier_noun_subj,uid_accuracy,accuracy,0.91,False,locally_scored,1.0,,,results/eval/chinese_pipeline/hf_nk_babylm_zho_qwen2_hybrid/main/zero_shot/causal/zhoblimp/zhoblimp/best_temperature_report.txt
hf_nk_babylm_zho_qwen2_hybrid,Qwen2 hybrid,Qwen2,Hybrid,Chinese zero-shot,zhoblimp,existential_there_subject_raising,uid_accuracy,accuracy,0.7367,False,locally_scored,1.0,,,results/eval/chinese_pipeline/hf_nk_babylm_zho_qwen2_hybrid/main/zero_shot/causal/zhoblimp/zhoblimp/best_temperature_report.txt
hf_nk_babylm_zho_qwen2_hybrid,Qwen2 hybrid,Qwen2,Hybrid,Chinese zero-shot,zhoblimp,passive_agent_deletion_long_right_b,uid_accuracy,accuracy,0.0,False,locally_scored,1.0,,,results/eval/chinese_pipeline/hf_nk_babylm_zho_qwen2_hybrid/main/zero_shot/causal/zhoblimp/zhoblimp/best_temperature_report.txt
hf_nk_babylm_zho_qwen2_hybrid,Qwen2 hybrid,Qwen2,Hybrid,Chinese zero-shot,zhoblimp,BA_suo_adverbial_a,uid_accuracy,accuracy,1.0,False,locally_scored,1.0,,,results/eval/chinese_pipeline/hf_nk_babylm_zho_qwen2_hybrid/main/zero_shot/causal/zhoblimp/zhoblimp/best_temperature_report.txt
hf_nk_babylm_zho_qwen2_hybrid,Qwen2 hybrid,Qwen2,Hybrid,Chinese zero-shot,zhoblimp,agent_causative,uid_accuracy,accuracy,0.6933,False,locally_scored,1.0,,,results/eval/chinese_pipeline/hf_nk_babylm_zho_qwen2_hybrid/main/zero_shot/causal/zhoblimp/zhoblimp/best_temperature_report.txt
hf_nk_babylm_zho_qwen2_hybrid,Qwen2 hybrid,Qwen2,Hybrid,Chinese zero-shot,zhoblimp,left_adverbial_e,uid_accuracy,accuracy,0.83,False,locally_scored,1.0,,,results/eval/chinese_pipeline/hf_nk_babylm_zho_qwen2_hybrid/main/zero_shot/causal/zhoblimp/zhoblimp/best_temperature_report.txt
hf_nk_babylm_zho_qwen2_hybrid,Qwen2 hybrid,Qwen2,Hybrid,Chinese zero-shot,zhoblimp,causative_shi_ba,uid_accuracy,accuracy,0.48,False,locally_scored,1.0,,,results/eval/chinese_pipeline/hf_nk_babylm_zho_qwen2_hybrid/main/zero_shot/causal/zhoblimp/zhoblimp/best_temperature_report.txt
hf_nk_babylm_zho_qwen2_hybrid,Qwen2 hybrid,Qwen2,Hybrid,Chinese zero-shot,zhoblimp,fci_renhe_ruguo,uid_accuracy,accuracy,1.0,False,locally_scored,1.0,,,results/eval/chinese_pipeline/hf_nk_babylm_zho_qwen2_hybrid/main/zero_shot/causal/zhoblimp/zhoblimp/best_temperature_report.txt
hf_nk_babylm_zho_qwen2_hybrid,Qwen2 hybrid,Qwen2,Hybrid,Chinese zero-shot,zhoblimp,question_A_not_A,uid_accuracy,accuracy,0.98,False,locally_scored,1.0,,,results/eval/chinese_pipeline/hf_nk_babylm_zho_qwen2_hybrid/main/zero_shot/causal/zhoblimp/zhoblimp/best_temperature_report.txt
hf_nk_babylm_zho_qwen2_hybrid,Qwen2 hybrid,Qwen2,Hybrid,Chinese zero-shot,zhoblimp,left_adverbial_b,uid_accuracy,accuracy,0.84,False,locally_scored,1.0,,,results/eval/chinese_pipeline/hf_nk_babylm_zho_qwen2_hybrid/main/zero_shot/causal/zhoblimp/zhoblimp/best_temperature_report.txt
hf_nk_babylm_zho_qwen2_hybrid,Qwen2 hybrid,Qwen2,Hybrid,Chinese zero-shot,zhoblimp,question_nandao_raising_1_b,uid_accuracy,accuracy,1.0,False,locally_scored,1.0,,,results/eval/chinese_pipeline/hf_nk_babylm_zho_qwen2_hybrid/main/zero_shot/causal/zhoblimp/zhoblimp/best_temperature_report.txt
hf_nk_babylm_zho_qwen2_hybrid,Qwen2 hybrid,Qwen2,Hybrid,Chinese zero-shot,zhoblimp,fci_renhe_dou,uid_accuracy,accuracy,0.5533,False,locally_scored,1.0,,,results/eval/chinese_pipeline/hf_nk_babylm_zho_qwen2_hybrid/main/zero_shot/causal/zhoblimp/zhoblimp/best_temperature_report.txt
hf_nk_babylm_zho_qwen2_hybrid,Qwen2 hybrid,Qwen2,Hybrid,Chinese zero-shot,zhoblimp,question_daodi_nandao_A_not_A_tran,uid_accuracy,accuracy,0.93,False,locally_scored,1.0,,,results/eval/chinese_pipeline/hf_nk_babylm_zho_qwen2_hybrid/main/zero_shot/causal/zhoblimp/zhoblimp/best_temperature_report.txt
hf_nk_babylm_zho_qwen2_hybrid,Qwen2 hybrid,Qwen2,Hybrid,Chinese zero-shot,zhoblimp,topicalization_OSV,uid_accuracy,accuracy,0.7533,False,locally_scored,1.0,,,results/eval/chinese_pipeline/hf_nk_babylm_zho_qwen2_hybrid/main/zero_shot/causal/zhoblimp/zhoblimp/best_temperature_report.txt
hf_nk_babylm_zho_qwen2_hybrid,Qwen2 hybrid,Qwen2,Hybrid,Chinese zero-shot,zhoblimp,npi_renhe_wh_question_subj,uid_accuracy,accuracy,0.76,False,locally_scored,1.0,,,results/eval/chinese_pipeline/hf_nk_babylm_zho_qwen2_hybrid/main/zero_shot/causal/zhoblimp/zhoblimp/best_temperature_report.txt
hf_nk_babylm_zho_qwen2_hybrid,Qwen2 hybrid,Qwen2,Hybrid,Chinese zero-shot,zhoblimp,passive_agent_deletion_long_left,uid_accuracy,accuracy,0.39,False,locally_scored,1.0,,,results/eval/chinese_pipeline/hf_nk_babylm_zho_qwen2_hybrid/main/zero_shot/causal/zhoblimp/zhoblimp/best_temperature_report.txt
hf_nk_babylm_zho_qwen2_hybrid,Qwen2 hybrid,Qwen2,Hybrid,Chinese zero-shot,zhoblimp,question_particle_nandao,uid_accuracy,accuracy,0.98,False,locally_scored,1.0,,,results/eval/chinese_pipeline/hf_nk_babylm_zho_qwen2_hybrid/main/zero_shot/causal/zhoblimp/zhoblimp/best_temperature_report.txt
hf_nk_babylm_zho_qwen2_hybrid,Qwen2 hybrid,Qwen2,Hybrid,Chinese zero-shot,zhoblimp,nominal_modal_insertion,uid_accuracy,accuracy,0.74,False,locally_scored,1.0,,,results/eval/chinese_pipeline/hf_nk_babylm_zho_qwen2_hybrid/main/zero_shot/causal/zhoblimp/zhoblimp/best_temperature_report.txt
hf_nk_babylm_zho_qwen2_hybrid,Qwen2 hybrid,Qwen2,Hybrid,Chinese zero-shot,zhoblimp,BA_deletion,uid_accuracy,accuracy,0.1533,False,locally_scored,1.0,,,results/eval/chinese_pipeline/hf_nk_babylm_zho_qwen2_hybrid/main/zero_shot/causal/zhoblimp/zhoblimp/best_temperature_report.txt
hf_nk_babylm_zho_qwen2_hybrid,Qwen2 hybrid,Qwen2,Hybrid,Chinese zero-shot,zhoblimp,singular_PN_but_plural_pron,uid_accuracy,accuracy,0.9367,False,locally_scored,1.0,,,results/eval/chinese_pipeline/hf_nk_babylm_zho_qwen2_hybrid/main/zero_shot/causal/zhoblimp/zhoblimp/best_temperature_report.txt
hf_nk_babylm_zho_qwen2_hybrid,Qwen2 hybrid,Qwen2,Hybrid,Chinese zero-shot,zhoblimp,BEI_deletion,uid_accuracy,accuracy,0.43670000000000003,False,locally_scored,1.0,,,results/eval/chinese_pipeline/hf_nk_babylm_zho_qwen2_hybrid/main/zero_shot/causal/zhoblimp/zhoblimp/best_temperature_report.txt
hf_nk_babylm_zho_qwen2_hybrid,Qwen2 hybrid,Qwen2,Hybrid,Chinese zero-shot,zhoblimp,verb_phrase_left_adverbial,uid_accuracy,accuracy,0.9467,False,locally_scored,1.0,,,results/eval/chinese_pipeline/hf_nk_babylm_zho_qwen2_hybrid/main/zero_shot/causal/zhoblimp/zhoblimp/best_temperature_report.txt
hf_nk_babylm_zho_qwen2_hybrid,Qwen2 hybrid,Qwen2,Hybrid,Chinese zero-shot,zhoblimp,ya_insertion,uid_accuracy,accuracy,0.8,False,locally_scored,1.0,,,results/eval/chinese_pipeline/hf_nk_babylm_zho_qwen2_hybrid/main/zero_shot/causal/zhoblimp/zhoblimp/best_temperature_report.txt
hf_nk_babylm_zho_qwen2_hybrid,Qwen2 hybrid,Qwen2,Hybrid,Chinese zero-shot,zhoblimp,classifier_noun_agreement_no_gap,uid_accuracy,accuracy,0.3533,False,locally_scored,1.0,,,results/eval/chinese_pipeline/hf_nk_babylm_zho_qwen2_hybrid/main/zero_shot/causal/zhoblimp/zhoblimp/best_temperature_report.txt
hf_nk_babylm_zho_qwen2_hybrid,Qwen2 hybrid,Qwen2,Hybrid,Chinese zero-shot,zhoblimp,noun_adjective_shi,uid_accuracy,accuracy,0.17670000000000002,False,locally_scored,1.0,,,results/eval/chinese_pipeline/hf_nk_babylm_zho_qwen2_hybrid/main/zero_shot/causal/zhoblimp/zhoblimp/best_temperature_report.txt
hf_nk_babylm_zho_qwen2_hybrid,Qwen2 hybrid,Qwen2,Hybrid,Chinese zero-shot,zhoblimp,BA_meiba,uid_accuracy,accuracy,1.0,False,locally_scored,1.0,,,results/eval/chinese_pipeline/hf_nk_babylm_zho_qwen2_hybrid/main/zero_shot/causal/zhoblimp/zhoblimp/best_temperature_report.txt
hf_nk_babylm_zho_qwen2_hybrid,Qwen2 hybrid,Qwen2,Hybrid,Chinese zero-shot,zhoblimp,question_nandao_raising_3,uid_accuracy,accuracy,0.98,False,locally_scored,1.0,,,results/eval/chinese_pipeline/hf_nk_babylm_zho_qwen2_hybrid/main/zero_shot/causal/zhoblimp/zhoblimp/best_temperature_report.txt
hf_nk_babylm_zho_qwen2_hybrid,Qwen2 hybrid,Qwen2,Hybrid,Chinese zero-shot,zhoblimp,relative_operator_intepretation,uid_accuracy,accuracy,0.3533,False,locally_scored,1.0,,,results/eval/chinese_pipeline/hf_nk_babylm_zho_qwen2_hybrid/main/zero_shot/causal/zhoblimp/zhoblimp/best_temperature_report.txt
hf_nk_babylm_zho_qwen2_hybrid,Qwen2 hybrid,Qwen2,Hybrid,Chinese zero-shot,zhoblimp,topicalization_SOV_mei,uid_accuracy,accuracy,0.9033,False,locally_scored,1.0,,,results/eval/chinese_pipeline/hf_nk_babylm_zho_qwen2_hybrid/main/zero_shot/causal/zhoblimp/zhoblimp/best_temperature_report.txt
hf_nk_babylm_zho_qwen2_hybrid,Qwen2 hybrid,Qwen2,Hybrid,Chinese zero-shot,zhoblimp,npi_renhe_conditional,uid_accuracy,accuracy,0.013300000000000001,False,locally_scored,1.0,,,results/eval/chinese_pipeline/hf_nk_babylm_zho_qwen2_hybrid/main/zero_shot/causal/zhoblimp/zhoblimp/best_temperature_report.txt
hf_nk_babylm_zho_qwen2_hybrid,Qwen2 hybrid,Qwen2,Hybrid,Chinese zero-shot,zhoblimp,topicalization_SOV,uid_accuracy,accuracy,0.9767,False,locally_scored,1.0,,,results/eval/chinese_pipeline/hf_nk_babylm_zho_qwen2_hybrid/main/zero_shot/causal/zhoblimp/zhoblimp/best_temperature_report.txt
hf_nk_babylm_zho_qwen2_hybrid,Qwen2 hybrid,Qwen2,Hybrid,Chinese zero-shot,zhoblimp,BA_verb_le_a,uid_accuracy,accuracy,0.9967,False,locally_scored,1.0,,,results/eval/chinese_pipeline/hf_nk_babylm_zho_qwen2_hybrid/main/zero_shot/causal/zhoblimp/zhoblimp/best_temperature_report.txt
hf_nk_babylm_zho_qwen2_hybrid,Qwen2 hybrid,Qwen2,Hybrid,Chinese zero-shot,zhoblimp,superlative_quantifiers_1,uid_accuracy,accuracy,0.49,False,locally_scored,1.0,,,results/eval/chinese_pipeline/hf_nk_babylm_zho_qwen2_hybrid/main/zero_shot/causal/zhoblimp/zhoblimp/best_temperature_report.txt
hf_nk_babylm_zho_qwen2_hybrid,Qwen2 hybrid,Qwen2,Hybrid,Chinese zero-shot,zhoblimp,BA_no_stative_verb,uid_accuracy,accuracy,0.9233,False,locally_scored,1.0,,,results/eval/chinese_pipeline/hf_nk_babylm_zho_qwen2_hybrid/main/zero_shot/causal/zhoblimp/zhoblimp/best_temperature_report.txt
hf_nk_babylm_zho_qwen2_hybrid,Qwen2 hybrid,Qwen2,Hybrid,Chinese zero-shot,zhoblimp,ellipsis_double_object,uid_accuracy,accuracy,0.54,False,locally_scored,1.0,,,results/eval/chinese_pipeline/hf_nk_babylm_zho_qwen2_hybrid/main/zero_shot/causal/zhoblimp/zhoblimp/best_temperature_report.txt
hf_nk_babylm_zho_qwen2_hybrid,Qwen2 hybrid,Qwen2,Hybrid,Chinese zero-shot,zhoblimp,noun_phrase_conjunction_jian,uid_accuracy,accuracy,0.9732999999999999,False,locally_scored,1.0,,,results/eval/chinese_pipeline/hf_nk_babylm_zho_qwen2_hybrid/main/zero_shot/causal/zhoblimp/zhoblimp/best_temperature_report.txt
hf_nk_babylm_zho_qwen2_hybrid,Qwen2 hybrid,Qwen2,Hybrid,Chinese zero-shot,zhoblimp,BA_no_progressive,uid_accuracy,accuracy,0.9933,False,locally_scored,1.0,,,results/eval/chinese_pipeline/hf_nk_babylm_zho_qwen2_hybrid/main/zero_shot/causal/zhoblimp/zhoblimp/best_temperature_report.txt
hf_nk_babylm_zho_qwen2_hybrid,Qwen2 hybrid,Qwen2,Hybrid,Chinese zero-shot,zhoblimp,left_dou,uid_accuracy,accuracy,0.9167000000000001,False,locally_scored,1.0,,,results/eval/chinese_pipeline/hf_nk_babylm_zho_qwen2_hybrid/main/zero_shot/causal/zhoblimp/zhoblimp/best_temperature_report.txt
hf_nk_babylm_zho_qwen2_hybrid,Qwen2 hybrid,Qwen2,Hybrid,Chinese zero-shot,zhoblimp,principle_A_c_command_number,uid_accuracy,accuracy,0.13,False,locally_scored,1.0,,,results/eval/chinese_pipeline/hf_nk_babylm_zho_qwen2_hybrid/main/zero_shot/causal/zhoblimp/zhoblimp/best_temperature_report.txt
hf_nk_babylm_zho_qwen2_hybrid,Qwen2 hybrid,Qwen2,Hybrid,Chinese zero-shot,zhoblimp,passive_agent_deletion_long_right_a,uid_accuracy,accuracy,0.0233,False,locally_scored,1.0,,,results/eval/chinese_pipeline/hf_nk_babylm_zho_qwen2_hybrid/main/zero_shot/causal/zhoblimp/zhoblimp/best_temperature_report.txt
hf_nk_babylm_zho_qwen2_hybrid,Qwen2 hybrid,Qwen2,Hybrid,Chinese zero-shot,zhoblimp,passive_intransitive,uid_accuracy,accuracy,0.64,False,locally_scored,1.0,,,results/eval/chinese_pipeline/hf_nk_babylm_zho_qwen2_hybrid/main/zero_shot/causal/zhoblimp/zhoblimp/best_temperature_report.txt
hf_nk_babylm_zho_qwen2_hybrid,Qwen2 hybrid,Qwen2,Hybrid,Chinese zero-shot,zhoblimp,BA,linguistics_term_accuracy,accuracy,0.78,False,locally_scored,1.0,,,results/eval/chinese_pipeline/hf_nk_babylm_zho_qwen2_hybrid/main/zero_shot/causal/zhoblimp/zhoblimp/best_temperature_report.txt
hf_nk_babylm_zho_qwen2_hybrid,Qwen2 hybrid,Qwen2,Hybrid,Chinese zero-shot,zhoblimp,nominal_expression,linguistics_term_accuracy,accuracy,0.8803,False,locally_scored,1.0,,,results/eval/chinese_pipeline/hf_nk_babylm_zho_qwen2_hybrid/main/zero_shot/causal/zhoblimp/zhoblimp/best_temperature_report.txt
hf_nk_babylm_zho_qwen2_hybrid,Qwen2 hybrid,Qwen2,Hybrid,Chinese zero-shot,zhoblimp,question,linguistics_term_accuracy,accuracy,0.8765000000000001,False,locally_scored,1.0,,,results/eval/chinese_pipeline/hf_nk_babylm_zho_qwen2_hybrid/main/zero_shot/causal/zhoblimp/zhoblimp/best_temperature_report.txt
hf_nk_babylm_zho_qwen2_hybrid,Qwen2 hybrid,Qwen2,Hybrid,Chinese zero-shot,zhoblimp,control_raising,linguistics_term_accuracy,accuracy,0.8358,False,locally_scored,1.0,,,results/eval/chinese_pipeline/hf_nk_babylm_zho_qwen2_hybrid/main/zero_shot/causal/zhoblimp/zhoblimp/best_temperature_report.txt
hf_nk_babylm_zho_qwen2_hybrid,Qwen2 hybrid,Qwen2,Hybrid,Chinese zero-shot,zhoblimp,passive,linguistics_term_accuracy,accuracy,0.5436,False,locally_scored,1.0,,,results/eval/chinese_pipeline/hf_nk_babylm_zho_qwen2_hybrid/main/zero_shot/causal/zhoblimp/zhoblimp/best_temperature_report.txt
hf_nk_babylm_zho_qwen2_hybrid,Qwen2 hybrid,Qwen2,Hybrid,Chinese zero-shot,zhoblimp,relativization,linguistics_term_accuracy,accuracy,0.8375,False,locally_scored,1.0,,,results/eval/chinese_pipeline/hf_nk_babylm_zho_qwen2_hybrid/main/zero_shot/causal/zhoblimp/zhoblimp/best_temperature_report.txt
hf_nk_babylm_zho_qwen2_hybrid,Qwen2 hybrid,Qwen2,Hybrid,Chinese zero-shot,zhoblimp,ellipsis,linguistics_term_accuracy,accuracy,0.5289,False,locally_scored,1.0,,,results/eval/chinese_pipeline/hf_nk_babylm_zho_qwen2_hybrid/main/zero_shot/causal/zhoblimp/zhoblimp/best_temperature_report.txt
hf_nk_babylm_zho_qwen2_hybrid,Qwen2 hybrid,Qwen2,Hybrid,Chinese zero-shot,zhoblimp,classifier,linguistics_term_accuracy,accuracy,0.7211,False,locally_scored,1.0,,,results/eval/chinese_pipeline/hf_nk_babylm_zho_qwen2_hybrid/main/zero_shot/causal/zhoblimp/zhoblimp/best_temperature_report.txt
hf_nk_babylm_zho_qwen2_hybrid,Qwen2 hybrid,Qwen2,Hybrid,Chinese zero-shot,zhoblimp,verb_phrase,linguistics_term_accuracy,accuracy,0.8031,False,locally_scored,1.0,,,results/eval/chinese_pipeline/hf_nk_babylm_zho_qwen2_hybrid/main/zero_shot/causal/zhoblimp/zhoblimp/best_temperature_report.txt
hf_nk_babylm_zho_qwen2_hybrid,Qwen2 hybrid,Qwen2,Hybrid,Chinese zero-shot,zhoblimp,npi_licensing,linguistics_term_accuracy,accuracy,0.5863,False,locally_scored,1.0,,,results/eval/chinese_pipeline/hf_nk_babylm_zho_qwen2_hybrid/main/zero_shot/causal/zhoblimp/zhoblimp/best_temperature_report.txt
hf_nk_babylm_zho_qwen2_hybrid,Qwen2 hybrid,Qwen2,Hybrid,Chinese zero-shot,zhoblimp,anaphor,linguistics_term_accuracy,accuracy,0.6378,False,locally_scored,1.0,,,results/eval/chinese_pipeline/hf_nk_babylm_zho_qwen2_hybrid/main/zero_shot/causal/zhoblimp/zhoblimp/best_temperature_report.txt
hf_nk_babylm_zho_qwen2_hybrid,Qwen2 hybrid,Qwen2,Hybrid,Chinese zero-shot,zhoblimp,fci_licensing,linguistics_term_accuracy,accuracy,0.9079999999999999,False,locally_scored,1.0,,,results/eval/chinese_pipeline/hf_nk_babylm_zho_qwen2_hybrid/main/zero_shot/causal/zhoblimp/zhoblimp/best_temperature_report.txt
hf_nk_babylm_zho_qwen2_hybrid,Qwen2 hybrid,Qwen2,Hybrid,Chinese zero-shot,zhoblimp,quantifiers,linguistics_term_accuracy,accuracy,0.45,False,locally_scored,1.0,,,results/eval/chinese_pipeline/hf_nk_babylm_zho_qwen2_hybrid/main/zero_shot/causal/zhoblimp/zhoblimp/best_temperature_report.txt
hf_nk_babylm_zho_qwen2_hybrid,Qwen2 hybrid,Qwen2,Hybrid,Chinese zero-shot,zhoblimp,argument_structure,linguistics_term_accuracy,accuracy,0.7395,False,locally_scored,1.0,,,results/eval/chinese_pipeline/hf_nk_babylm_zho_qwen2_hybrid/main/zero_shot/causal/zhoblimp/zhoblimp/best_temperature_report.txt
hf_nk_babylm_zho_qwen2_hybrid,Qwen2 hybrid,Qwen2,Hybrid,Chinese zero-shot,zhoblimp,topicalization,linguistics_term_accuracy,accuracy,0.84,False,locally_scored,1.0,,,results/eval/chinese_pipeline/hf_nk_babylm_zho_qwen2_hybrid/main/zero_shot/causal/zhoblimp/zhoblimp/best_temperature_report.txt
hf_nk_babylm_zho_qwen2_hybrid,Qwen2 hybrid,Qwen2,Hybrid,Chinese zero-shot,zhoblimp,aggregate,average_accuracy,accuracy,0.7585999999999999,True,locally_scored,1.0,,,results/eval/chinese_pipeline/hf_nk_babylm_zho_qwen2_hybrid/main/zero_shot/causal/zhoblimp/zhoblimp/best_temperature_report.txt
hf_nk_babylm_zho_qwen2_hybrid,Qwen2 hybrid,Qwen2,Hybrid,Chinese zero-shot,hanzi_structure,bw,field_accuracy,accuracy,0.5733,False,locally_scored,1.0,,,results/eval/chinese_pipeline/hf_nk_babylm_zho_qwen2_hybrid/main/zero_shot/causal/hanzi_structure/hanzi_structure/best_temperature_report.txt
hf_nk_babylm_zho_qwen2_hybrid,Qwen2 hybrid,Qwen2,Hybrid,Chinese zero-shot,hanzi_structure,sx,field_accuracy,accuracy,0.5605,False,locally_scored,1.0,,,results/eval/chinese_pipeline/hf_nk_babylm_zho_qwen2_hybrid/main/zero_shot/causal/hanzi_structure/hanzi_structure/best_temperature_report.txt
hf_nk_babylm_zho_qwen2_hybrid,Qwen2 hybrid,Qwen2,Hybrid,Chinese zero-shot,hanzi_structure,szx,field_accuracy,accuracy,0.4561,False,locally_scored,1.0,,,results/eval/chinese_pipeline/hf_nk_babylm_zho_qwen2_hybrid/main/zero_shot/causal/hanzi_structure/hanzi_structure/best_temperature_report.txt
hf_nk_babylm_zho_qwen2_hybrid,Qwen2 hybrid,Qwen2,Hybrid,Chinese zero-shot,hanzi_structure,zy,field_accuracy,accuracy,0.5694,False,locally_scored,1.0,,,results/eval/chinese_pipeline/hf_nk_babylm_zho_qwen2_hybrid/main/zero_shot/causal/hanzi_structure/hanzi_structure/best_temperature_report.txt
hf_nk_babylm_zho_qwen2_hybrid,Qwen2 hybrid,Qwen2,Hybrid,Chinese zero-shot,hanzi_structure,zzy,field_accuracy,accuracy,0.5542,False,locally_scored,1.0,,,results/eval/chinese_pipeline/hf_nk_babylm_zho_qwen2_hybrid/main/zero_shot/causal/hanzi_structure/hanzi_structure/best_temperature_report.txt
hf_nk_babylm_zho_qwen2_hybrid,Qwen2 hybrid,Qwen2,Hybrid,Chinese zero-shot,hanzi_structure,component2whole,uid_accuracy,accuracy,0.602,False,locally_scored,1.0,,,results/eval/chinese_pipeline/hf_nk_babylm_zho_qwen2_hybrid/main/zero_shot/causal/hanzi_structure/hanzi_structure/best_temperature_report.txt
hf_nk_babylm_zho_qwen2_hybrid,Qwen2 hybrid,Qwen2,Hybrid,Chinese zero-shot,hanzi_structure,whole2component,uid_accuracy,accuracy,0.525,False,locally_scored,1.0,,,results/eval/chinese_pipeline/hf_nk_babylm_zho_qwen2_hybrid/main/zero_shot/causal/hanzi_structure/hanzi_structure/best_temperature_report.txt
hf_nk_babylm_zho_qwen2_hybrid,Qwen2 hybrid,Qwen2,Hybrid,Chinese zero-shot,hanzi_structure,bw,linguistics_term_accuracy,accuracy,0.5733,False,locally_scored,1.0,,,results/eval/chinese_pipeline/hf_nk_babylm_zho_qwen2_hybrid/main/zero_shot/causal/hanzi_structure/hanzi_structure/best_temperature_report.txt
hf_nk_babylm_zho_qwen2_hybrid,Qwen2 hybrid,Qwen2,Hybrid,Chinese zero-shot,hanzi_structure,sx,linguistics_term_accuracy,accuracy,0.5605,False,locally_scored,1.0,,,results/eval/chinese_pipeline/hf_nk_babylm_zho_qwen2_hybrid/main/zero_shot/causal/hanzi_structure/hanzi_structure/best_temperature_report.txt
hf_nk_babylm_zho_qwen2_hybrid,Qwen2 hybrid,Qwen2,Hybrid,Chinese zero-shot,hanzi_structure,szx,linguistics_term_accuracy,accuracy,0.4561,False,locally_scored,1.0,,,results/eval/chinese_pipeline/hf_nk_babylm_zho_qwen2_hybrid/main/zero_shot/causal/hanzi_structure/hanzi_structure/best_temperature_report.txt
hf_nk_babylm_zho_qwen2_hybrid,Qwen2 hybrid,Qwen2,Hybrid,Chinese zero-shot,hanzi_structure,zy,linguistics_term_accuracy,accuracy,0.5694,False,locally_scored,1.0,,,results/eval/chinese_pipeline/hf_nk_babylm_zho_qwen2_hybrid/main/zero_shot/causal/hanzi_structure/hanzi_structure/best_temperature_report.txt
hf_nk_babylm_zho_qwen2_hybrid,Qwen2 hybrid,Qwen2,Hybrid,Chinese zero-shot,hanzi_structure,zzy,linguistics_term_accuracy,accuracy,0.5542,False,locally_scored,1.0,,,results/eval/chinese_pipeline/hf_nk_babylm_zho_qwen2_hybrid/main/zero_shot/causal/hanzi_structure/hanzi_structure/best_temperature_report.txt
hf_nk_babylm_zho_qwen2_hybrid,Qwen2 hybrid,Qwen2,Hybrid,Chinese zero-shot,hanzi_structure,aggregate,average_accuracy,accuracy,0.5635,True,locally_scored,1.0,,,results/eval/chinese_pipeline/hf_nk_babylm_zho_qwen2_hybrid/main/zero_shot/causal/hanzi_structure/hanzi_structure/best_temperature_report.txt
hf_nk_babylm_zho_qwen2_hybrid,Qwen2 hybrid,Qwen2,Hybrid,Chinese zero-shot,hanzi_pinyin,class1_disjoint_freqgap_balanced,field_accuracy,accuracy,0.986,False,locally_scored,1.0,,,results/eval/chinese_pipeline/hf_nk_babylm_zho_qwen2_hybrid/main/zero_shot/causal/hanzi_pinyin/hanzi_pinyin/best_temperature_report.txt
hf_nk_babylm_zho_qwen2_hybrid,Qwen2 hybrid,Qwen2,Hybrid,Chinese zero-shot,hanzi_pinyin,class1_initial_diff_freqgap_balanced,field_accuracy,accuracy,0.98,False,locally_scored,1.0,,,results/eval/chinese_pipeline/hf_nk_babylm_zho_qwen2_hybrid/main/zero_shot/causal/hanzi_pinyin/hanzi_pinyin/best_temperature_report.txt
hf_nk_babylm_zho_qwen2_hybrid,Qwen2 hybrid,Qwen2,Hybrid,Chinese zero-shot,hanzi_pinyin,class1_rhyme_diff_freqgap_balanced,field_accuracy,accuracy,0.98,False,locally_scored,1.0,,,results/eval/chinese_pipeline/hf_nk_babylm_zho_qwen2_hybrid/main/zero_shot/causal/hanzi_pinyin/hanzi_pinyin/best_temperature_report.txt
hf_nk_babylm_zho_qwen2_hybrid,Qwen2 hybrid,Qwen2,Hybrid,Chinese zero-shot,hanzi_pinyin,class1_tone_diff_freqgap_balanced,field_accuracy,accuracy,0.9840000000000001,False,locally_scored,1.0,,,results/eval/chinese_pipeline/hf_nk_babylm_zho_qwen2_hybrid/main/zero_shot/causal/hanzi_pinyin/hanzi_pinyin/best_temperature_report.txt
hf_nk_babylm_zho_qwen2_hybrid,Qwen2 hybrid,Qwen2,Hybrid,Chinese zero-shot,hanzi_pinyin,class1_disjoint_freqgap_balanced,uid_accuracy,accuracy,0.986,False,locally_scored,1.0,,,results/eval/chinese_pipeline/hf_nk_babylm_zho_qwen2_hybrid/main/zero_shot/causal/hanzi_pinyin/hanzi_pinyin/best_temperature_report.txt
hf_nk_babylm_zho_qwen2_hybrid,Qwen2 hybrid,Qwen2,Hybrid,Chinese zero-shot,hanzi_pinyin,class1_initial_diff_freqgap_balanced,uid_accuracy,accuracy,0.98,False,locally_scored,1.0,,,results/eval/chinese_pipeline/hf_nk_babylm_zho_qwen2_hybrid/main/zero_shot/causal/hanzi_pinyin/hanzi_pinyin/best_temperature_report.txt
hf_nk_babylm_zho_qwen2_hybrid,Qwen2 hybrid,Qwen2,Hybrid,Chinese zero-shot,hanzi_pinyin,class1_rhyme_diff_freqgap_balanced,uid_accuracy,accuracy,0.98,False,locally_scored,1.0,,,results/eval/chinese_pipeline/hf_nk_babylm_zho_qwen2_hybrid/main/zero_shot/causal/hanzi_pinyin/hanzi_pinyin/best_temperature_report.txt
hf_nk_babylm_zho_qwen2_hybrid,Qwen2 hybrid,Qwen2,Hybrid,Chinese zero-shot,hanzi_pinyin,class1_tone_diff_freqgap_balanced,uid_accuracy,accuracy,0.9840000000000001,False,locally_scored,1.0,,,results/eval/chinese_pipeline/hf_nk_babylm_zho_qwen2_hybrid/main/zero_shot/causal/hanzi_pinyin/hanzi_pinyin/best_temperature_report.txt
hf_nk_babylm_zho_qwen2_hybrid,Qwen2 hybrid,Qwen2,Hybrid,Chinese zero-shot,hanzi_pinyin,class1_disjoint_freqgap_balanced,linguistics_term_accuracy,accuracy,0.986,False,locally_scored,1.0,,,results/eval/chinese_pipeline/hf_nk_babylm_zho_qwen2_hybrid/main/zero_shot/causal/hanzi_pinyin/hanzi_pinyin/best_temperature_report.txt
hf_nk_babylm_zho_qwen2_hybrid,Qwen2 hybrid,Qwen2,Hybrid,Chinese zero-shot,hanzi_pinyin,class1_initial_diff_freqgap_balanced,linguistics_term_accuracy,accuracy,0.98,False,locally_scored,1.0,,,results/eval/chinese_pipeline/hf_nk_babylm_zho_qwen2_hybrid/main/zero_shot/causal/hanzi_pinyin/hanzi_pinyin/best_temperature_report.txt
hf_nk_babylm_zho_qwen2_hybrid,Qwen2 hybrid,Qwen2,Hybrid,Chinese zero-shot,hanzi_pinyin,class1_rhyme_diff_freqgap_balanced,linguistics_term_accuracy,accuracy,0.98,False,locally_scored,1.0,,,results/eval/chinese_pipeline/hf_nk_babylm_zho_qwen2_hybrid/main/zero_shot/causal/hanzi_pinyin/hanzi_pinyin/best_temperature_report.txt
hf_nk_babylm_zho_qwen2_hybrid,Qwen2 hybrid,Qwen2,Hybrid,Chinese zero-shot,hanzi_pinyin,class1_tone_diff_freqgap_balanced,linguistics_term_accuracy,accuracy,0.9840000000000001,False,locally_scored,1.0,,,results/eval/chinese_pipeline/hf_nk_babylm_zho_qwen2_hybrid/main/zero_shot/causal/hanzi_pinyin/hanzi_pinyin/best_temperature_report.txt
hf_nk_babylm_zho_qwen2_hybrid,Qwen2 hybrid,Qwen2,Hybrid,Chinese zero-shot,hanzi_pinyin,aggregate,average_accuracy,accuracy,0.9825,True,locally_scored,1.0,,,results/eval/chinese_pipeline/hf_nk_babylm_zho_qwen2_hybrid/main/zero_shot/causal/hanzi_pinyin/hanzi_pinyin/best_temperature_report.txt
hf_nk_babylm_zho_qwen2_hybrid,Qwen2 hybrid,Qwen2,Hybrid,Chinese fine-tune,afqmc,zh,evaluation,accuracy,0.68790546802595,True,locally_scored,,,,results/eval/chinese_pipeline/hf_nk_babylm_zho_qwen2_hybrid/main/finetune/afqmc/results.txt
hf_nk_babylm_zho_qwen2_hybrid,Qwen2 hybrid,Qwen2,Hybrid,Chinese fine-tune,afqmc,zh,evaluation,f1,0.023205221174764323,False,locally_scored,,,,results/eval/chinese_pipeline/hf_nk_babylm_zho_qwen2_hybrid/main/finetune/afqmc/results.txt
hf_nk_babylm_zho_qwen2_hybrid,Qwen2 hybrid,Qwen2,Hybrid,Chinese fine-tune,afqmc,zh,evaluation,mcc,0.016989350669797197,False,locally_scored,,,,results/eval/chinese_pipeline/hf_nk_babylm_zho_qwen2_hybrid/main/finetune/afqmc/results.txt
hf_nk_babylm_zho_qwen2_hybrid,Qwen2 hybrid,Qwen2,Hybrid,Chinese fine-tune,ocnli,zh,evaluation,accuracy,0.6366101694915254,True,locally_scored,,,,results/eval/chinese_pipeline/hf_nk_babylm_zho_qwen2_hybrid/main/finetune/ocnli/results.txt
hf_nk_babylm_zho_qwen2_hybrid,Qwen2 hybrid,Qwen2,Hybrid,Chinese fine-tune,tnews,zh,evaluation,accuracy,0.5327,True,locally_scored,,,,results/eval/chinese_pipeline/hf_nk_babylm_zho_qwen2_hybrid/main/finetune/tnews/results.txt
hf_nk_babylm_zho_qwen2_hybrid,Qwen2 hybrid,Qwen2,Hybrid,Chinese fine-tune,cluewsc2020,zh,evaluation,accuracy,0.631578947368421,True,locally_scored,,,,results/eval/chinese_pipeline/hf_nk_babylm_zho_qwen2_hybrid/main/finetune/cluewsc2020/results.txt
hf_nk_babylm_zho_qwen2_hybrid,Qwen2 hybrid,Qwen2,Hybrid,Chinese fine-tune,cluewsc2020,zh,evaluation,f1,0.768595041322314,False,locally_scored,,,,results/eval/chinese_pipeline/hf_nk_babylm_zho_qwen2_hybrid/main/finetune/cluewsc2020/results.txt
hf_nk_babylm_zho_qwen2_hybrid,Qwen2 hybrid,Qwen2,Hybrid,Chinese fine-tune,cluewsc2020,zh,evaluation,mcc,0.0423220466080226,False,locally_scored,,,,results/eval/chinese_pipeline/hf_nk_babylm_zho_qwen2_hybrid/main/finetune/cluewsc2020/results.txt
hf_nk_babylm_zho_qwen2_hybrid,Qwen2 hybrid,Qwen2,Hybrid,CogBench,word_fmri,aggregate,aggregate,mean,0.5535447181865791,True,locally_scored,,6,False,results/eval/chinese_pipeline/hf_nk_babylm_zho_qwen2_hybrid/main/cogbench/word_fmri/cogbench_word_fmri_hf_nk_babylm_zho_qwen2_hybrid_report.json
hf_nk_babylm_zho_qwen2_hybrid,Qwen2 hybrid,Qwen2,Hybrid,CogBench,word_fmri,aggregate,aggregate,min,0.5211886682390506,False,locally_scored,,6,False,results/eval/chinese_pipeline/hf_nk_babylm_zho_qwen2_hybrid/main/cogbench/word_fmri/cogbench_word_fmri_hf_nk_babylm_zho_qwen2_hybrid_report.json
hf_nk_babylm_zho_qwen2_hybrid,Qwen2 hybrid,Qwen2,Hybrid,CogBench,word_fmri,aggregate,aggregate,max,0.6037490220472889,False,locally_scored,,6,False,results/eval/chinese_pipeline/hf_nk_babylm_zho_qwen2_hybrid/main/cogbench/word_fmri/cogbench_word_fmri_hf_nk_babylm_zho_qwen2_hybrid_report.json
hf_nk_babylm_zho_qwen2_hybrid,Qwen2 hybrid,Qwen2,Hybrid,CogBench,fmri,aggregate,aggregate,mean,0.08522304949140533,True,locally_scored,,36,False,results/eval/chinese_pipeline/hf_nk_babylm_zho_qwen2_hybrid/main/cogbench/fmri/cogbench_fmri_hf_nk_babylm_zho_qwen2_hybrid_report.json
hf_nk_babylm_zho_qwen2_hybrid,Qwen2 hybrid,Qwen2,Hybrid,CogBench,fmri,aggregate,aggregate,min,0.008062732249223582,False,locally_scored,,36,False,results/eval/chinese_pipeline/hf_nk_babylm_zho_qwen2_hybrid/main/cogbench/fmri/cogbench_fmri_hf_nk_babylm_zho_qwen2_hybrid_report.json
hf_nk_babylm_zho_qwen2_hybrid,Qwen2 hybrid,Qwen2,Hybrid,CogBench,fmri,aggregate,aggregate,max,0.22578355861678176,False,locally_scored,,36,False,results/eval/chinese_pipeline/hf_nk_babylm_zho_qwen2_hybrid/main/cogbench/fmri/cogbench_fmri_hf_nk_babylm_zho_qwen2_hybrid_report.json
hf_nk_babylm_zho_gpt2_bpe,GPT2 BPE,GPT2,BPE,Chinese zero-shot,zhoblimp,BA,field_accuracy,accuracy,0.7418,False,locally_scored,1.0,,,results/eval/chinese_pipeline/hf_nk_babylm_zho_gpt2_bpe/main/zero_shot/causal/zhoblimp/zhoblimp/best_temperature_report.txt
hf_nk_babylm_zho_gpt2_bpe,GPT2 BPE,GPT2,BPE,Chinese zero-shot,zhoblimp,nominal_expression,field_accuracy,accuracy,0.7112,False,locally_scored,1.0,,,results/eval/chinese_pipeline/hf_nk_babylm_zho_gpt2_bpe/main/zero_shot/causal/zhoblimp/zhoblimp/best_temperature_report.txt
hf_nk_babylm_zho_gpt2_bpe,GPT2 BPE,GPT2,BPE,Chinese zero-shot,zhoblimp,question,field_accuracy,accuracy,0.5724,False,locally_scored,1.0,,,results/eval/chinese_pipeline/hf_nk_babylm_zho_gpt2_bpe/main/zero_shot/causal/zhoblimp/zhoblimp/best_temperature_report.txt
hf_nk_babylm_zho_gpt2_bpe,GPT2 BPE,GPT2,BPE,Chinese zero-shot,zhoblimp,control_raising,field_accuracy,accuracy,0.6607999999999999,False,locally_scored,1.0,,,results/eval/chinese_pipeline/hf_nk_babylm_zho_gpt2_bpe/main/zero_shot/causal/zhoblimp/zhoblimp/best_temperature_report.txt
hf_nk_babylm_zho_gpt2_bpe,GPT2 BPE,GPT2,BPE,Chinese zero-shot,zhoblimp,passive,field_accuracy,accuracy,0.4128,False,locally_scored,1.0,,,results/eval/chinese_pipeline/hf_nk_babylm_zho_gpt2_bpe/main/zero_shot/causal/zhoblimp/zhoblimp/best_temperature_report.txt
hf_nk_babylm_zho_gpt2_bpe,GPT2 BPE,GPT2,BPE,Chinese zero-shot,zhoblimp,relativization,field_accuracy,accuracy,0.725,False,locally_scored,1.0,,,results/eval/chinese_pipeline/hf_nk_babylm_zho_gpt2_bpe/main/zero_shot/causal/zhoblimp/zhoblimp/best_temperature_report.txt
hf_nk_babylm_zho_gpt2_bpe,GPT2 BPE,GPT2,BPE,Chinese zero-shot,zhoblimp,ellipsis,field_accuracy,accuracy,0.7267,False,locally_scored,1.0,,,results/eval/chinese_pipeline/hf_nk_babylm_zho_gpt2_bpe/main/zero_shot/causal/zhoblimp/zhoblimp/best_temperature_report.txt
hf_nk_babylm_zho_gpt2_bpe,GPT2 BPE,GPT2,BPE,Chinese zero-shot,zhoblimp,classifier,field_accuracy,accuracy,0.5856,False,locally_scored,1.0,,,results/eval/chinese_pipeline/hf_nk_babylm_zho_gpt2_bpe/main/zero_shot/causal/zhoblimp/zhoblimp/best_temperature_report.txt
hf_nk_babylm_zho_gpt2_bpe,GPT2 BPE,GPT2,BPE,Chinese zero-shot,zhoblimp,verb_phrase,field_accuracy,accuracy,0.669,False,locally_scored,1.0,,,results/eval/chinese_pipeline/hf_nk_babylm_zho_gpt2_bpe/main/zero_shot/causal/zhoblimp/zhoblimp/best_temperature_report.txt
hf_nk_babylm_zho_gpt2_bpe,GPT2 BPE,GPT2,BPE,Chinese zero-shot,zhoblimp,npi_licensing,field_accuracy,accuracy,0.5511,False,locally_scored,1.0,,,results/eval/chinese_pipeline/hf_nk_babylm_zho_gpt2_bpe/main/zero_shot/causal/zhoblimp/zhoblimp/best_temperature_report.txt
hf_nk_babylm_zho_gpt2_bpe,GPT2 BPE,GPT2,BPE,Chinese zero-shot,zhoblimp,anaphor,field_accuracy,accuracy,0.5778,False,locally_scored,1.0,,,results/eval/chinese_pipeline/hf_nk_babylm_zho_gpt2_bpe/main/zero_shot/causal/zhoblimp/zhoblimp/best_temperature_report.txt
hf_nk_babylm_zho_gpt2_bpe,GPT2 BPE,GPT2,BPE,Chinese zero-shot,zhoblimp,fci_licensing,field_accuracy,accuracy,0.43200000000000005,False,locally_scored,1.0,,,results/eval/chinese_pipeline/hf_nk_babylm_zho_gpt2_bpe/main/zero_shot/causal/zhoblimp/zhoblimp/best_temperature_report.txt
hf_nk_babylm_zho_gpt2_bpe,GPT2 BPE,GPT2,BPE,Chinese zero-shot,zhoblimp,quantifiers,field_accuracy,accuracy,0.5,False,locally_scored,1.0,,,results/eval/chinese_pipeline/hf_nk_babylm_zho_gpt2_bpe/main/zero_shot/causal/zhoblimp/zhoblimp/best_temperature_report.txt
hf_nk_babylm_zho_gpt2_bpe,GPT2 BPE,GPT2,BPE,Chinese zero-shot,zhoblimp,argument_structure,field_accuracy,accuracy,0.46380000000000005,False,locally_scored,1.0,,,results/eval/chinese_pipeline/hf_nk_babylm_zho_gpt2_bpe/main/zero_shot/causal/zhoblimp/zhoblimp/best_temperature_report.txt
hf_nk_babylm_zho_gpt2_bpe,GPT2 BPE,GPT2,BPE,Chinese zero-shot,zhoblimp,topicalization,field_accuracy,accuracy,0.8,False,locally_scored,1.0,,,results/eval/chinese_pipeline/hf_nk_babylm_zho_gpt2_bpe/main/zero_shot/causal/zhoblimp/zhoblimp/best_temperature_report.txt
hf_nk_babylm_zho_gpt2_bpe,GPT2 BPE,GPT2,BPE,Chinese zero-shot,zhoblimp,BA_BEI_subj_drop,uid_accuracy,accuracy,0.6133,False,locally_scored,1.0,,,results/eval/chinese_pipeline/hf_nk_babylm_zho_gpt2_bpe/main/zero_shot/causal/zhoblimp/zhoblimp/best_temperature_report.txt
hf_nk_babylm_zho_gpt2_bpe,GPT2 BPE,GPT2,BPE,Chinese zero-shot,zhoblimp,you_quantifier_adj,uid_accuracy,accuracy,0.9,False,locally_scored,1.0,,,results/eval/chinese_pipeline/hf_nk_babylm_zho_gpt2_bpe/main/zero_shot/causal/zhoblimp/zhoblimp/best_temperature_report.txt
hf_nk_babylm_zho_gpt2_bpe,GPT2 BPE,GPT2,BPE,Chinese zero-shot,zhoblimp,question_nandao_raising_2,uid_accuracy,accuracy,0.93,False,locally_scored,1.0,,,results/eval/chinese_pipeline/hf_nk_babylm_zho_gpt2_bpe/main/zero_shot/causal/zhoblimp/zhoblimp/best_temperature_report.txt
hf_nk_babylm_zho_gpt2_bpe,GPT2 BPE,GPT2,BPE,Chinese zero-shot,zhoblimp,modal_raising_hui,uid_accuracy,accuracy,0.63,False,locally_scored,1.0,,,results/eval/chinese_pipeline/hf_nk_babylm_zho_gpt2_bpe/main/zero_shot/causal/zhoblimp/zhoblimp/best_temperature_report.txt
hf_nk_babylm_zho_gpt2_bpe,GPT2 BPE,GPT2,BPE,Chinese zero-shot,zhoblimp,you_yige,uid_accuracy,accuracy,0.9767,False,locally_scored,1.0,,,results/eval/chinese_pipeline/hf_nk_babylm_zho_gpt2_bpe/main/zero_shot/causal/zhoblimp/zhoblimp/best_temperature_report.txt
hf_nk_babylm_zho_gpt2_bpe,GPT2 BPE,GPT2,BPE,Chinese zero-shot,zhoblimp,BEI_construction_a,uid_accuracy,accuracy,0.8933,False,locally_scored,1.0,,,results/eval/chinese_pipeline/hf_nk_babylm_zho_gpt2_bpe/main/zero_shot/causal/zhoblimp/zhoblimp/best_temperature_report.txt
hf_nk_babylm_zho_gpt2_bpe,GPT2 BPE,GPT2,BPE,Chinese zero-shot,zhoblimp,passive_body_part,uid_accuracy,accuracy,0.6167,False,locally_scored,1.0,,,results/eval/chinese_pipeline/hf_nk_babylm_zho_gpt2_bpe/main/zero_shot/causal/zhoblimp/zhoblimp/best_temperature_report.txt
hf_nk_babylm_zho_gpt2_bpe,GPT2 BPE,GPT2,BPE,Chinese zero-shot,zhoblimp,relativization_movement_when_where,uid_accuracy,accuracy,0.9967,False,locally_scored,1.0,,,results/eval/chinese_pipeline/hf_nk_babylm_zho_gpt2_bpe/main/zero_shot/causal/zhoblimp/zhoblimp/best_temperature_report.txt
hf_nk_babylm_zho_gpt2_bpe,GPT2 BPE,GPT2,BPE,Chinese zero-shot,zhoblimp,question_nandao_negation,uid_accuracy,accuracy,0.6633,False,locally_scored,1.0,,,results/eval/chinese_pipeline/hf_nk_babylm_zho_gpt2_bpe/main/zero_shot/causal/zhoblimp/zhoblimp/best_temperature_report.txt
hf_nk_babylm_zho_gpt2_bpe,GPT2 BPE,GPT2,BPE,Chinese zero-shot,zhoblimp,BA_verb_le_b,uid_accuracy,accuracy,0.3533,False,locally_scored,1.0,,,results/eval/chinese_pipeline/hf_nk_babylm_zho_gpt2_bpe/main/zero_shot/causal/zhoblimp/zhoblimp/best_temperature_report.txt
hf_nk_babylm_zho_gpt2_bpe,GPT2 BPE,GPT2,BPE,Chinese zero-shot,zhoblimp,BEI_preposition,uid_accuracy,accuracy,0.95,False,locally_scored,1.0,,,results/eval/chinese_pipeline/hf_nk_babylm_zho_gpt2_bpe/main/zero_shot/causal/zhoblimp/zhoblimp/best_temperature_report.txt
hf_nk_babylm_zho_gpt2_bpe,GPT2 BPE,GPT2,BPE,Chinese zero-shot,zhoblimp,ellipsis_adj,uid_accuracy,accuracy,0.6533,False,locally_scored,1.0,,,results/eval/chinese_pipeline/hf_nk_babylm_zho_gpt2_bpe/main/zero_shot/causal/zhoblimp/zhoblimp/best_temperature_report.txt
hf_nk_babylm_zho_gpt2_bpe,GPT2 BPE,GPT2,BPE,Chinese zero-shot,zhoblimp,passive_suo,uid_accuracy,accuracy,0.026699999999999998,False,locally_scored,1.0,,,results/eval/chinese_pipeline/hf_nk_babylm_zho_gpt2_bpe/main/zero_shot/causal/zhoblimp/zhoblimp/best_temperature_report.txt
hf_nk_babylm_zho_gpt2_bpe,GPT2 BPE,GPT2,BPE,Chinese zero-shot,zhoblimp,control_modal_vs_raising_modal,uid_accuracy,accuracy,1.0,False,locally_scored,1.0,,,results/eval/chinese_pipeline/hf_nk_babylm_zho_gpt2_bpe/main/zero_shot/causal/zhoblimp/zhoblimp/best_temperature_report.txt
hf_nk_babylm_zho_gpt2_bpe,GPT2 BPE,GPT2,BPE,Chinese zero-shot,zhoblimp,question_daodi_nandao_2,uid_accuracy,accuracy,0.0833,False,locally_scored,1.0,,,results/eval/chinese_pipeline/hf_nk_babylm_zho_gpt2_bpe/main/zero_shot/causal/zhoblimp/zhoblimp/best_temperature_report.txt
hf_nk_babylm_zho_gpt2_bpe,GPT2 BPE,GPT2,BPE,Chinese zero-shot,zhoblimp,classifier_noun_agreement,uid_accuracy,accuracy,0.5967,False,locally_scored,1.0,,,results/eval/chinese_pipeline/hf_nk_babylm_zho_gpt2_bpe/main/zero_shot/causal/zhoblimp/zhoblimp/best_temperature_report.txt
hf_nk_babylm_zho_gpt2_bpe,GPT2 BPE,GPT2,BPE,Chinese zero-shot,zhoblimp,right_yijing_b,uid_accuracy,accuracy,0.67,False,locally_scored,1.0,,,results/eval/chinese_pipeline/hf_nk_babylm_zho_gpt2_bpe/main/zero_shot/causal/zhoblimp/zhoblimp/best_temperature_report.txt
hf_nk_babylm_zho_gpt2_bpe,GPT2 BPE,GPT2,BPE,Chinese zero-shot,zhoblimp,renhe_no_episodic_sentences,uid_accuracy,accuracy,0.1,False,locally_scored,1.0,,,results/eval/chinese_pipeline/hf_nk_babylm_zho_gpt2_bpe/main/zero_shot/causal/zhoblimp/zhoblimp/best_temperature_report.txt
hf_nk_babylm_zho_gpt2_bpe,GPT2 BPE,GPT2,BPE,Chinese zero-shot,zhoblimp,npi_renhe_wh_question_obj,uid_accuracy,accuracy,0.9133,False,locally_scored,1.0,,,results/eval/chinese_pipeline/hf_nk_babylm_zho_gpt2_bpe/main/zero_shot/causal/zhoblimp/zhoblimp/best_temperature_report.txt
hf_nk_babylm_zho_gpt2_bpe,GPT2 BPE,GPT2,BPE,Chinese zero-shot,zhoblimp,question_daodi_negation,uid_accuracy,accuracy,0.18,False,locally_scored,1.0,,,results/eval/chinese_pipeline/hf_nk_babylm_zho_gpt2_bpe/main/zero_shot/causal/zhoblimp/zhoblimp/best_temperature_report.txt
hf_nk_babylm_zho_gpt2_bpe,GPT2 BPE,GPT2,BPE,Chinese zero-shot,zhoblimp,BA_inversion,uid_accuracy,accuracy,0.8733,False,locally_scored,1.0,,,results/eval/chinese_pipeline/hf_nk_babylm_zho_gpt2_bpe/main/zero_shot/causal/zhoblimp/zhoblimp/best_temperature_report.txt
hf_nk_babylm_zho_gpt2_bpe,GPT2 BPE,GPT2,BPE,Chinese zero-shot,zhoblimp,question_nandao_raising_1_a,uid_accuracy,accuracy,1.0,False,locally_scored,1.0,,,results/eval/chinese_pipeline/hf_nk_babylm_zho_gpt2_bpe/main/zero_shot/causal/zhoblimp/zhoblimp/best_temperature_report.txt
hf_nk_babylm_zho_gpt2_bpe,GPT2 BPE,GPT2,BPE,Chinese zero-shot,zhoblimp,question_particle_daodi_choice_intran,uid_accuracy,accuracy,0.18,False,locally_scored,1.0,,,results/eval/chinese_pipeline/hf_nk_babylm_zho_gpt2_bpe/main/zero_shot/causal/zhoblimp/zhoblimp/best_temperature_report.txt
hf_nk_babylm_zho_gpt2_bpe,GPT2 BPE,GPT2,BPE,Chinese zero-shot,zhoblimp,anaphor_gender_agreement,uid_accuracy,accuracy,0.48,False,locally_scored,1.0,,,results/eval/chinese_pipeline/hf_nk_babylm_zho_gpt2_bpe/main/zero_shot/causal/zhoblimp/zhoblimp/best_temperature_report.txt
hf_nk_babylm_zho_gpt2_bpe,GPT2 BPE,GPT2,BPE,Chinese zero-shot,zhoblimp,question_nandao_scope_2,uid_accuracy,accuracy,0.2733,False,locally_scored,1.0,,,results/eval/chinese_pipeline/hf_nk_babylm_zho_gpt2_bpe/main/zero_shot/causal/zhoblimp/zhoblimp/best_temperature_report.txt
hf_nk_babylm_zho_gpt2_bpe,GPT2 BPE,GPT2,BPE,Chinese zero-shot,zhoblimp,principle_A_domain_number,uid_accuracy,accuracy,1.0,False,locally_scored,1.0,,,results/eval/chinese_pipeline/hf_nk_babylm_zho_gpt2_bpe/main/zero_shot/causal/zhoblimp/zhoblimp/best_temperature_report.txt
hf_nk_babylm_zho_gpt2_bpe,GPT2 BPE,GPT2,BPE,Chinese zero-shot,zhoblimp,npi_renhe_neg_scope_subj,uid_accuracy,accuracy,0.41,False,locally_scored,1.0,,,results/eval/chinese_pipeline/hf_nk_babylm_zho_gpt2_bpe/main/zero_shot/causal/zhoblimp/zhoblimp/best_temperature_report.txt
hf_nk_babylm_zho_gpt2_bpe,GPT2 BPE,GPT2,BPE,Chinese zero-shot,zhoblimp,passive_no_adj,uid_accuracy,accuracy,0.6567000000000001,False,locally_scored,1.0,,,results/eval/chinese_pipeline/hf_nk_babylm_zho_gpt2_bpe/main/zero_shot/causal/zhoblimp/zhoblimp/best_temperature_report.txt
hf_nk_babylm_zho_gpt2_bpe,GPT2 BPE,GPT2,BPE,Chinese zero-shot,zhoblimp,question_A_not_A_indirect,uid_accuracy,accuracy,1.0,False,locally_scored,1.0,,,results/eval/chinese_pipeline/hf_nk_babylm_zho_gpt2_bpe/main/zero_shot/causal/zhoblimp/zhoblimp/best_temperature_report.txt
hf_nk_babylm_zho_gpt2_bpe,GPT2 BPE,GPT2,BPE,Chinese zero-shot,zhoblimp,fci_renhe_suoyou,uid_accuracy,accuracy,1.0,False,locally_scored,1.0,,,results/eval/chinese_pipeline/hf_nk_babylm_zho_gpt2_bpe/main/zero_shot/causal/zhoblimp/zhoblimp/best_temperature_report.txt
hf_nk_babylm_zho_gpt2_bpe,GPT2 BPE,GPT2,BPE,Chinese zero-shot,zhoblimp,BA_suo_adverbial_b,uid_accuracy,accuracy,0.9333,False,locally_scored,1.0,,,results/eval/chinese_pipeline/hf_nk_babylm_zho_gpt2_bpe/main/zero_shot/causal/zhoblimp/zhoblimp/best_temperature_report.txt
hf_nk_babylm_zho_gpt2_bpe,GPT2 BPE,GPT2,BPE,Chinese zero-shot,zhoblimp,passive_agent_deletion_short,uid_accuracy,accuracy,0.0,False,locally_scored,1.0,,,results/eval/chinese_pipeline/hf_nk_babylm_zho_gpt2_bpe/main/zero_shot/causal/zhoblimp/zhoblimp/best_temperature_report.txt
hf_nk_babylm_zho_gpt2_bpe,GPT2 BPE,GPT2,BPE,Chinese zero-shot,zhoblimp,superlative_quantifiers_2,uid_accuracy,accuracy,1.0,False,locally_scored,1.0,,,results/eval/chinese_pipeline/hf_nk_babylm_zho_gpt2_bpe/main/zero_shot/causal/zhoblimp/zhoblimp/best_temperature_report.txt
hf_nk_babylm_zho_gpt2_bpe,GPT2 BPE,GPT2,BPE,Chinese zero-shot,zhoblimp,agent_animacy_passive,uid_accuracy,accuracy,0.49329999999999996,False,locally_scored,1.0,,,results/eval/chinese_pipeline/hf_nk_babylm_zho_gpt2_bpe/main/zero_shot/causal/zhoblimp/zhoblimp/best_temperature_report.txt
hf_nk_babylm_zho_gpt2_bpe,GPT2 BPE,GPT2,BPE,Chinese zero-shot,zhoblimp,npi_renhe_neg_scope_locP,uid_accuracy,accuracy,0.76,False,locally_scored,1.0,,,results/eval/chinese_pipeline/hf_nk_babylm_zho_gpt2_bpe/main/zero_shot/causal/zhoblimp/zhoblimp/best_temperature_report.txt
hf_nk_babylm_zho_gpt2_bpe,GPT2 BPE,GPT2,BPE,Chinese zero-shot,zhoblimp,plural_cardinal_men_a,uid_accuracy,accuracy,1.0,False,locally_scored,1.0,,,results/eval/chinese_pipeline/hf_nk_babylm_zho_gpt2_bpe/main/zero_shot/causal/zhoblimp/zhoblimp/best_temperature_report.txt
hf_nk_babylm_zho_gpt2_bpe,GPT2 BPE,GPT2,BPE,Chinese zero-shot,zhoblimp,principle_A_c_command,uid_accuracy,accuracy,1.0,False,locally_scored,1.0,,,results/eval/chinese_pipeline/hf_nk_babylm_zho_gpt2_bpe/main/zero_shot/causal/zhoblimp/zhoblimp/best_temperature_report.txt
hf_nk_babylm_zho_gpt2_bpe,GPT2 BPE,GPT2,BPE,Chinese zero-shot,zhoblimp,question_daodi_nandao_1,uid_accuracy,accuracy,0.9867,False,locally_scored,1.0,,,results/eval/chinese_pipeline/hf_nk_babylm_zho_gpt2_bpe/main/zero_shot/causal/zhoblimp/zhoblimp/best_temperature_report.txt
hf_nk_babylm_zho_gpt2_bpe,GPT2 BPE,GPT2,BPE,Chinese zero-shot,zhoblimp,preposition_insertion,uid_accuracy,accuracy,0.7533,False,locally_scored,1.0,,,results/eval/chinese_pipeline/hf_nk_babylm_zho_gpt2_bpe/main/zero_shot/causal/zhoblimp/zhoblimp/best_temperature_report.txt
hf_nk_babylm_zho_gpt2_bpe,GPT2 BPE,GPT2,BPE,Chinese zero-shot,zhoblimp,BEI_construction_b,uid_accuracy,accuracy,0.9167000000000001,False,locally_scored,1.0,,,results/eval/chinese_pipeline/hf_nk_babylm_zho_gpt2_bpe/main/zero_shot/causal/zhoblimp/zhoblimp/best_temperature_report.txt
hf_nk_babylm_zho_gpt2_bpe,GPT2 BPE,GPT2,BPE,Chinese zero-shot,zhoblimp,ellipsis_n_bar_class,uid_accuracy,accuracy,0.5667,False,locally_scored,1.0,,,results/eval/chinese_pipeline/hf_nk_babylm_zho_gpt2_bpe/main/zero_shot/causal/zhoblimp/zhoblimp/best_temperature_report.txt
hf_nk_babylm_zho_gpt2_bpe,GPT2 BPE,GPT2,BPE,Chinese zero-shot,zhoblimp,question_particle_daodi_choice_tran,uid_accuracy,accuracy,0.1533,False,locally_scored,1.0,,,results/eval/chinese_pipeline/hf_nk_babylm_zho_gpt2_bpe/main/zero_shot/causal/zhoblimp/zhoblimp/best_temperature_report.txt
hf_nk_babylm_zho_gpt2_bpe,GPT2 BPE,GPT2,BPE,Chinese zero-shot,zhoblimp,plural_cardinal_men_b,uid_accuracy,accuracy,1.0,False,locally_scored,1.0,,,results/eval/chinese_pipeline/hf_nk_babylm_zho_gpt2_bpe/main/zero_shot/causal/zhoblimp/zhoblimp/best_temperature_report.txt
hf_nk_babylm_zho_gpt2_bpe,GPT2 BPE,GPT2,BPE,Chinese zero-shot,zhoblimp,agent_animacy_adv,uid_accuracy,accuracy,0.5467,False,locally_scored,1.0,,,results/eval/chinese_pipeline/hf_nk_babylm_zho_gpt2_bpe/main/zero_shot/causal/zhoblimp/zhoblimp/best_temperature_report.txt
hf_nk_babylm_zho_gpt2_bpe,GPT2 BPE,GPT2,BPE,Chinese zero-shot,zhoblimp,verb_negation_particle,uid_accuracy,accuracy,0.5067,False,locally_scored,1.0,,,results/eval/chinese_pipeline/hf_nk_babylm_zho_gpt2_bpe/main/zero_shot/causal/zhoblimp/zhoblimp/best_temperature_report.txt
hf_nk_babylm_zho_gpt2_bpe,GPT2 BPE,GPT2,BPE,Chinese zero-shot,zhoblimp,fci_renhe_prepP,uid_accuracy,accuracy,0.0,False,locally_scored,1.0,,,results/eval/chinese_pipeline/hf_nk_babylm_zho_gpt2_bpe/main/zero_shot/causal/zhoblimp/zhoblimp/best_temperature_report.txt
hf_nk_babylm_zho_gpt2_bpe,GPT2 BPE,GPT2,BPE,Chinese zero-shot,zhoblimp,right_yijing_a,uid_accuracy,accuracy,0.5167,False,locally_scored,1.0,,,results/eval/chinese_pipeline/hf_nk_babylm_zho_gpt2_bpe/main/zero_shot/causal/zhoblimp/zhoblimp/best_temperature_report.txt
hf_nk_babylm_zho_gpt2_bpe,GPT2 BPE,GPT2,BPE,Chinese zero-shot,zhoblimp,intransitive_double_obj,uid_accuracy,accuracy,0.2833,False,locally_scored,1.0,,,results/eval/chinese_pipeline/hf_nk_babylm_zho_gpt2_bpe/main/zero_shot/causal/zhoblimp/zhoblimp/best_temperature_report.txt
hf_nk_babylm_zho_gpt2_bpe,GPT2 BPE,GPT2,BPE,Chinese zero-shot,zhoblimp,anaphor_number_agreement,uid_accuracy,accuracy,0.0,False,locally_scored,1.0,,,results/eval/chinese_pipeline/hf_nk_babylm_zho_gpt2_bpe/main/zero_shot/causal/zhoblimp/zhoblimp/best_temperature_report.txt
hf_nk_babylm_zho_gpt2_bpe,GPT2 BPE,GPT2,BPE,Chinese zero-shot,zhoblimp,left_adverbial_negation,uid_accuracy,accuracy,0.5433,False,locally_scored,1.0,,,results/eval/chinese_pipeline/hf_nk_babylm_zho_gpt2_bpe/main/zero_shot/causal/zhoblimp/zhoblimp/best_temperature_report.txt
hf_nk_babylm_zho_gpt2_bpe,GPT2 BPE,GPT2,BPE,Chinese zero-shot,zhoblimp,npi_renhe_A_not_A_question,uid_accuracy,accuracy,0.0,False,locally_scored,1.0,,,results/eval/chinese_pipeline/hf_nk_babylm_zho_gpt2_bpe/main/zero_shot/causal/zhoblimp/zhoblimp/best_temperature_report.txt
hf_nk_babylm_zho_gpt2_bpe,GPT2 BPE,GPT2,BPE,Chinese zero-shot,zhoblimp,modal_raising_topicalization,uid_accuracy,accuracy,0.44670000000000004,False,locally_scored,1.0,,,results/eval/chinese_pipeline/hf_nk_babylm_zho_gpt2_bpe/main/zero_shot/causal/zhoblimp/zhoblimp/best_temperature_report.txt
hf_nk_babylm_zho_gpt2_bpe,GPT2 BPE,GPT2,BPE,Chinese zero-shot,zhoblimp,relative_operator_who,uid_accuracy,accuracy,0.94,False,locally_scored,1.0,,,results/eval/chinese_pipeline/hf_nk_babylm_zho_gpt2_bpe/main/zero_shot/causal/zhoblimp/zhoblimp/best_temperature_report.txt
hf_nk_babylm_zho_gpt2_bpe,GPT2 BPE,GPT2,BPE,Chinese zero-shot,zhoblimp,renhe_no_superordinate_negation,uid_accuracy,accuracy,0.3467,False,locally_scored,1.0,,,results/eval/chinese_pipeline/hf_nk_babylm_zho_gpt2_bpe/main/zero_shot/causal/zhoblimp/zhoblimp/best_temperature_report.txt
hf_nk_babylm_zho_gpt2_bpe,GPT2 BPE,GPT2,BPE,Chinese zero-shot,zhoblimp,left_adverbial_d,uid_accuracy,accuracy,0.8,False,locally_scored,1.0,,,results/eval/chinese_pipeline/hf_nk_babylm_zho_gpt2_bpe/main/zero_shot/causal/zhoblimp/zhoblimp/best_temperature_report.txt
hf_nk_babylm_zho_gpt2_bpe,GPT2 BPE,GPT2,BPE,Chinese zero-shot,zhoblimp,question_daodi_nandao_A_not_A_intran,uid_accuracy,accuracy,0.0767,False,locally_scored,1.0,,,results/eval/chinese_pipeline/hf_nk_babylm_zho_gpt2_bpe/main/zero_shot/causal/zhoblimp/zhoblimp/best_temperature_report.txt
hf_nk_babylm_zho_gpt2_bpe,GPT2 BPE,GPT2,BPE,Chinese zero-shot,zhoblimp,PN_numP_a,uid_accuracy,accuracy,0.7232999999999999,False,locally_scored,1.0,,,results/eval/chinese_pipeline/hf_nk_babylm_zho_gpt2_bpe/main/zero_shot/causal/zhoblimp/zhoblimp/best_temperature_report.txt
hf_nk_babylm_zho_gpt2_bpe,GPT2 BPE,GPT2,BPE,Chinese zero-shot,zhoblimp,adjective_transitive_dui,uid_accuracy,accuracy,0.49,False,locally_scored,1.0,,,results/eval/chinese_pipeline/hf_nk_babylm_zho_gpt2_bpe/main/zero_shot/causal/zhoblimp/zhoblimp/best_temperature_report.txt
hf_nk_babylm_zho_gpt2_bpe,GPT2 BPE,GPT2,BPE,Chinese zero-shot,zhoblimp,BA_duplicate_argument,uid_accuracy,accuracy,1.0,False,locally_scored,1.0,,,results/eval/chinese_pipeline/hf_nk_babylm_zho_gpt2_bpe/main/zero_shot/causal/zhoblimp/zhoblimp/best_temperature_report.txt
hf_nk_babylm_zho_gpt2_bpe,GPT2 BPE,GPT2,BPE,Chinese zero-shot,zhoblimp,agent_animacy_subj,uid_accuracy,accuracy,0.4867,False,locally_scored,1.0,,,results/eval/chinese_pipeline/hf_nk_babylm_zho_gpt2_bpe/main/zero_shot/causal/zhoblimp/zhoblimp/best_temperature_report.txt
hf_nk_babylm_zho_gpt2_bpe,GPT2 BPE,GPT2,BPE,Chinese zero-shot,zhoblimp,topicalization_OSV_mei,uid_accuracy,accuracy,0.8633,False,locally_scored,1.0,,,results/eval/chinese_pipeline/hf_nk_babylm_zho_gpt2_bpe/main/zero_shot/causal/zhoblimp/zhoblimp/best_temperature_report.txt
hf_nk_babylm_zho_gpt2_bpe,GPT2 BPE,GPT2,BPE,Chinese zero-shot,zhoblimp,fci_renhe_subj,uid_accuracy,accuracy,0.0,False,locally_scored,1.0,,,results/eval/chinese_pipeline/hf_nk_babylm_zho_gpt2_bpe/main/zero_shot/causal/zhoblimp/zhoblimp/best_temperature_report.txt
hf_nk_babylm_zho_gpt2_bpe,GPT2 BPE,GPT2,BPE,Chinese zero-shot,zhoblimp,BA_negation,uid_accuracy,accuracy,0.75,False,locally_scored,1.0,,,results/eval/chinese_pipeline/hf_nk_babylm_zho_gpt2_bpe/main/zero_shot/causal/zhoblimp/zhoblimp/best_temperature_report.txt
hf_nk_babylm_zho_gpt2_bpe,GPT2 BPE,GPT2,BPE,Chinese zero-shot,zhoblimp,intransitive_no_obj,uid_accuracy,accuracy,0.5533,False,locally_scored,1.0,,,results/eval/chinese_pipeline/hf_nk_babylm_zho_gpt2_bpe/main/zero_shot/causal/zhoblimp/zhoblimp/best_temperature_report.txt
hf_nk_babylm_zho_gpt2_bpe,GPT2 BPE,GPT2,BPE,Chinese zero-shot,zhoblimp,question_V_not_VP_1,uid_accuracy,accuracy,0.2767,False,locally_scored,1.0,,,results/eval/chinese_pipeline/hf_nk_babylm_zho_gpt2_bpe/main/zero_shot/causal/zhoblimp/zhoblimp/best_temperature_report.txt
hf_nk_babylm_zho_gpt2_bpe,GPT2 BPE,GPT2,BPE,Chinese zero-shot,zhoblimp,renhe_non_factive_verb,uid_accuracy,accuracy,0.5867,False,locally_scored,1.0,,,results/eval/chinese_pipeline/hf_nk_babylm_zho_gpt2_bpe/main/zero_shot/causal/zhoblimp/zhoblimp/best_temperature_report.txt
hf_nk_babylm_zho_gpt2_bpe,GPT2 BPE,GPT2,BPE,Chinese zero-shot,zhoblimp,question_A_not_A_daodi_b,uid_accuracy,accuracy,0.8933,False,locally_scored,1.0,,,results/eval/chinese_pipeline/hf_nk_babylm_zho_gpt2_bpe/main/zero_shot/causal/zhoblimp/zhoblimp/best_temperature_report.txt
hf_nk_babylm_zho_gpt2_bpe,GPT2 BPE,GPT2,BPE,Chinese zero-shot,zhoblimp,question_V_not_VP_2,uid_accuracy,accuracy,0.1233,False,locally_scored,1.0,,,results/eval/chinese_pipeline/hf_nk_babylm_zho_gpt2_bpe/main/zero_shot/causal/zhoblimp/zhoblimp/best_temperature_report.txt
hf_nk_babylm_zho_gpt2_bpe,GPT2 BPE,GPT2,BPE,Chinese zero-shot,zhoblimp,PN_numP_b,uid_accuracy,accuracy,0.1533,False,locally_scored,1.0,,,results/eval/chinese_pipeline/hf_nk_babylm_zho_gpt2_bpe/main/zero_shot/causal/zhoblimp/zhoblimp/best_temperature_report.txt
hf_nk_babylm_zho_gpt2_bpe,GPT2 BPE,GPT2,BPE,Chinese zero-shot,zhoblimp,principle_A_domain,uid_accuracy,accuracy,0.9867,False,locally_scored,1.0,,,results/eval/chinese_pipeline/hf_nk_babylm_zho_gpt2_bpe/main/zero_shot/causal/zhoblimp/zhoblimp/best_temperature_report.txt
hf_nk_babylm_zho_gpt2_bpe,GPT2 BPE,GPT2,BPE,Chinese zero-shot,zhoblimp,agent_deletion,uid_accuracy,accuracy,0.2133,False,locally_scored,1.0,,,results/eval/chinese_pipeline/hf_nk_babylm_zho_gpt2_bpe/main/zero_shot/causal/zhoblimp/zhoblimp/best_temperature_report.txt
hf_nk_babylm_zho_gpt2_bpe,GPT2 BPE,GPT2,BPE,Chinese zero-shot,zhoblimp,preposition_deletion,uid_accuracy,accuracy,0.5067,False,locally_scored,1.0,,,results/eval/chinese_pipeline/hf_nk_babylm_zho_gpt2_bpe/main/zero_shot/causal/zhoblimp/zhoblimp/best_temperature_report.txt
hf_nk_babylm_zho_gpt2_bpe,GPT2 BPE,GPT2,BPE,Chinese zero-shot,zhoblimp,nominal_definite_men,uid_accuracy,accuracy,1.0,False,locally_scored,1.0,,,results/eval/chinese_pipeline/hf_nk_babylm_zho_gpt2_bpe/main/zero_shot/causal/zhoblimp/zhoblimp/best_temperature_report.txt
hf_nk_babylm_zho_gpt2_bpe,GPT2 BPE,GPT2,BPE,Chinese zero-shot,zhoblimp,relativization_movement_no_gap,uid_accuracy,accuracy,0.9632999999999999,False,locally_scored,1.0,,,results/eval/chinese_pipeline/hf_nk_babylm_zho_gpt2_bpe/main/zero_shot/causal/zhoblimp/zhoblimp/best_temperature_report.txt
hf_nk_babylm_zho_gpt2_bpe,GPT2 BPE,GPT2,BPE,Chinese zero-shot,zhoblimp,question_A_not_A_daodi_a,uid_accuracy,accuracy,0.9267,False,locally_scored,1.0,,,results/eval/chinese_pipeline/hf_nk_babylm_zho_gpt2_bpe/main/zero_shot/causal/zhoblimp/zhoblimp/best_temperature_report.txt
hf_nk_babylm_zho_gpt2_bpe,GPT2 BPE,GPT2,BPE,Chinese zero-shot,zhoblimp,verb_phrase_left_negation,uid_accuracy,accuracy,0.6767,False,locally_scored,1.0,,,results/eval/chinese_pipeline/hf_nk_babylm_zho_gpt2_bpe/main/zero_shot/causal/zhoblimp/zhoblimp/best_temperature_report.txt
hf_nk_babylm_zho_gpt2_bpe,GPT2 BPE,GPT2,BPE,Chinese zero-shot,zhoblimp,question_nandao_scope_1,uid_accuracy,accuracy,0.9833,False,locally_scored,1.0,,,results/eval/chinese_pipeline/hf_nk_babylm_zho_gpt2_bpe/main/zero_shot/causal/zhoblimp/zhoblimp/best_temperature_report.txt
hf_nk_babylm_zho_gpt2_bpe,GPT2 BPE,GPT2,BPE,Chinese zero-shot,zhoblimp,classifier_noun_subj,uid_accuracy,accuracy,0.7867000000000001,False,locally_scored,1.0,,,results/eval/chinese_pipeline/hf_nk_babylm_zho_gpt2_bpe/main/zero_shot/causal/zhoblimp/zhoblimp/best_temperature_report.txt
hf_nk_babylm_zho_gpt2_bpe,GPT2 BPE,GPT2,BPE,Chinese zero-shot,zhoblimp,existential_there_subject_raising,uid_accuracy,accuracy,0.5667,False,locally_scored,1.0,,,results/eval/chinese_pipeline/hf_nk_babylm_zho_gpt2_bpe/main/zero_shot/causal/zhoblimp/zhoblimp/best_temperature_report.txt
hf_nk_babylm_zho_gpt2_bpe,GPT2 BPE,GPT2,BPE,Chinese zero-shot,zhoblimp,passive_agent_deletion_long_right_b,uid_accuracy,accuracy,0.0,False,locally_scored,1.0,,,results/eval/chinese_pipeline/hf_nk_babylm_zho_gpt2_bpe/main/zero_shot/causal/zhoblimp/zhoblimp/best_temperature_report.txt
hf_nk_babylm_zho_gpt2_bpe,GPT2 BPE,GPT2,BPE,Chinese zero-shot,zhoblimp,BA_suo_adverbial_a,uid_accuracy,accuracy,1.0,False,locally_scored,1.0,,,results/eval/chinese_pipeline/hf_nk_babylm_zho_gpt2_bpe/main/zero_shot/causal/zhoblimp/zhoblimp/best_temperature_report.txt
hf_nk_babylm_zho_gpt2_bpe,GPT2 BPE,GPT2,BPE,Chinese zero-shot,zhoblimp,agent_causative,uid_accuracy,accuracy,0.67,False,locally_scored,1.0,,,results/eval/chinese_pipeline/hf_nk_babylm_zho_gpt2_bpe/main/zero_shot/causal/zhoblimp/zhoblimp/best_temperature_report.txt
hf_nk_babylm_zho_gpt2_bpe,GPT2 BPE,GPT2,BPE,Chinese zero-shot,zhoblimp,left_adverbial_e,uid_accuracy,accuracy,0.74,False,locally_scored,1.0,,,results/eval/chinese_pipeline/hf_nk_babylm_zho_gpt2_bpe/main/zero_shot/causal/zhoblimp/zhoblimp/best_temperature_report.txt
hf_nk_babylm_zho_gpt2_bpe,GPT2 BPE,GPT2,BPE,Chinese zero-shot,zhoblimp,causative_shi_ba,uid_accuracy,accuracy,0.23670000000000002,False,locally_scored,1.0,,,results/eval/chinese_pipeline/hf_nk_babylm_zho_gpt2_bpe/main/zero_shot/causal/zhoblimp/zhoblimp/best_temperature_report.txt
hf_nk_babylm_zho_gpt2_bpe,GPT2 BPE,GPT2,BPE,Chinese zero-shot,zhoblimp,fci_renhe_ruguo,uid_accuracy,accuracy,0.99,False,locally_scored,1.0,,,results/eval/chinese_pipeline/hf_nk_babylm_zho_gpt2_bpe/main/zero_shot/causal/zhoblimp/zhoblimp/best_temperature_report.txt
hf_nk_babylm_zho_gpt2_bpe,GPT2 BPE,GPT2,BPE,Chinese zero-shot,zhoblimp,question_A_not_A,uid_accuracy,accuracy,0.9533,False,locally_scored,1.0,,,results/eval/chinese_pipeline/hf_nk_babylm_zho_gpt2_bpe/main/zero_shot/causal/zhoblimp/zhoblimp/best_temperature_report.txt
hf_nk_babylm_zho_gpt2_bpe,GPT2 BPE,GPT2,BPE,Chinese zero-shot,zhoblimp,left_adverbial_b,uid_accuracy,accuracy,0.69,False,locally_scored,1.0,,,results/eval/chinese_pipeline/hf_nk_babylm_zho_gpt2_bpe/main/zero_shot/causal/zhoblimp/zhoblimp/best_temperature_report.txt
hf_nk_babylm_zho_gpt2_bpe,GPT2 BPE,GPT2,BPE,Chinese zero-shot,zhoblimp,question_nandao_raising_1_b,uid_accuracy,accuracy,0.9967,False,locally_scored,1.0,,,results/eval/chinese_pipeline/hf_nk_babylm_zho_gpt2_bpe/main/zero_shot/causal/zhoblimp/zhoblimp/best_temperature_report.txt
hf_nk_babylm_zho_gpt2_bpe,GPT2 BPE,GPT2,BPE,Chinese zero-shot,zhoblimp,fci_renhe_dou,uid_accuracy,accuracy,0.17,False,locally_scored,1.0,,,results/eval/chinese_pipeline/hf_nk_babylm_zho_gpt2_bpe/main/zero_shot/causal/zhoblimp/zhoblimp/best_temperature_report.txt
hf_nk_babylm_zho_gpt2_bpe,GPT2 BPE,GPT2,BPE,Chinese zero-shot,zhoblimp,question_daodi_nandao_A_not_A_tran,uid_accuracy,accuracy,0.1967,False,locally_scored,1.0,,,results/eval/chinese_pipeline/hf_nk_babylm_zho_gpt2_bpe/main/zero_shot/causal/zhoblimp/zhoblimp/best_temperature_report.txt
hf_nk_babylm_zho_gpt2_bpe,GPT2 BPE,GPT2,BPE,Chinese zero-shot,zhoblimp,topicalization_OSV,uid_accuracy,accuracy,0.72,False,locally_scored,1.0,,,results/eval/chinese_pipeline/hf_nk_babylm_zho_gpt2_bpe/main/zero_shot/causal/zhoblimp/zhoblimp/best_temperature_report.txt
hf_nk_babylm_zho_gpt2_bpe,GPT2 BPE,GPT2,BPE,Chinese zero-shot,zhoblimp,npi_renhe_wh_question_subj,uid_accuracy,accuracy,0.8432999999999999,False,locally_scored,1.0,,,results/eval/chinese_pipeline/hf_nk_babylm_zho_gpt2_bpe/main/zero_shot/causal/zhoblimp/zhoblimp/best_temperature_report.txt
hf_nk_babylm_zho_gpt2_bpe,GPT2 BPE,GPT2,BPE,Chinese zero-shot,zhoblimp,passive_agent_deletion_long_left,uid_accuracy,accuracy,0.0,False,locally_scored,1.0,,,results/eval/chinese_pipeline/hf_nk_babylm_zho_gpt2_bpe/main/zero_shot/causal/zhoblimp/zhoblimp/best_temperature_report.txt
hf_nk_babylm_zho_gpt2_bpe,GPT2 BPE,GPT2,BPE,Chinese zero-shot,zhoblimp,question_particle_nandao,uid_accuracy,accuracy,1.0,False,locally_scored,1.0,,,results/eval/chinese_pipeline/hf_nk_babylm_zho_gpt2_bpe/main/zero_shot/causal/zhoblimp/zhoblimp/best_temperature_report.txt
hf_nk_babylm_zho_gpt2_bpe,GPT2 BPE,GPT2,BPE,Chinese zero-shot,zhoblimp,nominal_modal_insertion,uid_accuracy,accuracy,0.5467,False,locally_scored,1.0,,,results/eval/chinese_pipeline/hf_nk_babylm_zho_gpt2_bpe/main/zero_shot/causal/zhoblimp/zhoblimp/best_temperature_report.txt
hf_nk_babylm_zho_gpt2_bpe,GPT2 BPE,GPT2,BPE,Chinese zero-shot,zhoblimp,BA_deletion,uid_accuracy,accuracy,0.6667000000000001,False,locally_scored,1.0,,,results/eval/chinese_pipeline/hf_nk_babylm_zho_gpt2_bpe/main/zero_shot/causal/zhoblimp/zhoblimp/best_temperature_report.txt
hf_nk_babylm_zho_gpt2_bpe,GPT2 BPE,GPT2,BPE,Chinese zero-shot,zhoblimp,singular_PN_but_plural_pron,uid_accuracy,accuracy,0.0,False,locally_scored,1.0,,,results/eval/chinese_pipeline/hf_nk_babylm_zho_gpt2_bpe/main/zero_shot/causal/zhoblimp/zhoblimp/best_temperature_report.txt
hf_nk_babylm_zho_gpt2_bpe,GPT2 BPE,GPT2,BPE,Chinese zero-shot,zhoblimp,BEI_deletion,uid_accuracy,accuracy,0.42,False,locally_scored,1.0,,,results/eval/chinese_pipeline/hf_nk_babylm_zho_gpt2_bpe/main/zero_shot/causal/zhoblimp/zhoblimp/best_temperature_report.txt
hf_nk_babylm_zho_gpt2_bpe,GPT2 BPE,GPT2,BPE,Chinese zero-shot,zhoblimp,verb_phrase_left_adverbial,uid_accuracy,accuracy,0.73,False,locally_scored,1.0,,,results/eval/chinese_pipeline/hf_nk_babylm_zho_gpt2_bpe/main/zero_shot/causal/zhoblimp/zhoblimp/best_temperature_report.txt
hf_nk_babylm_zho_gpt2_bpe,GPT2 BPE,GPT2,BPE,Chinese zero-shot,zhoblimp,ya_insertion,uid_accuracy,accuracy,0.8667,False,locally_scored,1.0,,,results/eval/chinese_pipeline/hf_nk_babylm_zho_gpt2_bpe/main/zero_shot/causal/zhoblimp/zhoblimp/best_temperature_report.txt
hf_nk_babylm_zho_gpt2_bpe,GPT2 BPE,GPT2,BPE,Chinese zero-shot,zhoblimp,classifier_noun_agreement_no_gap,uid_accuracy,accuracy,0.37329999999999997,False,locally_scored,1.0,,,results/eval/chinese_pipeline/hf_nk_babylm_zho_gpt2_bpe/main/zero_shot/causal/zhoblimp/zhoblimp/best_temperature_report.txt
hf_nk_babylm_zho_gpt2_bpe,GPT2 BPE,GPT2,BPE,Chinese zero-shot,zhoblimp,noun_adjective_shi,uid_accuracy,accuracy,0.7067,False,locally_scored,1.0,,,results/eval/chinese_pipeline/hf_nk_babylm_zho_gpt2_bpe/main/zero_shot/causal/zhoblimp/zhoblimp/best_temperature_report.txt
hf_nk_babylm_zho_gpt2_bpe,GPT2 BPE,GPT2,BPE,Chinese zero-shot,zhoblimp,BA_meiba,uid_accuracy,accuracy,1.0,False,locally_scored,1.0,,,results/eval/chinese_pipeline/hf_nk_babylm_zho_gpt2_bpe/main/zero_shot/causal/zhoblimp/zhoblimp/best_temperature_report.txt
hf_nk_babylm_zho_gpt2_bpe,GPT2 BPE,GPT2,BPE,Chinese zero-shot,zhoblimp,question_nandao_raising_3,uid_accuracy,accuracy,0.1433,False,locally_scored,1.0,,,results/eval/chinese_pipeline/hf_nk_babylm_zho_gpt2_bpe/main/zero_shot/causal/zhoblimp/zhoblimp/best_temperature_report.txt
hf_nk_babylm_zho_gpt2_bpe,GPT2 BPE,GPT2,BPE,Chinese zero-shot,zhoblimp,relative_operator_intepretation,uid_accuracy,accuracy,0.0,False,locally_scored,1.0,,,results/eval/chinese_pipeline/hf_nk_babylm_zho_gpt2_bpe/main/zero_shot/causal/zhoblimp/zhoblimp/best_temperature_report.txt
hf_nk_babylm_zho_gpt2_bpe,GPT2 BPE,GPT2,BPE,Chinese zero-shot,zhoblimp,topicalization_SOV_mei,uid_accuracy,accuracy,0.8432999999999999,False,locally_scored,1.0,,,results/eval/chinese_pipeline/hf_nk_babylm_zho_gpt2_bpe/main/zero_shot/causal/zhoblimp/zhoblimp/best_temperature_report.txt
hf_nk_babylm_zho_gpt2_bpe,GPT2 BPE,GPT2,BPE,Chinese zero-shot,zhoblimp,npi_renhe_conditional,uid_accuracy,accuracy,1.0,False,locally_scored,1.0,,,results/eval/chinese_pipeline/hf_nk_babylm_zho_gpt2_bpe/main/zero_shot/causal/zhoblimp/zhoblimp/best_temperature_report.txt
hf_nk_babylm_zho_gpt2_bpe,GPT2 BPE,GPT2,BPE,Chinese zero-shot,zhoblimp,topicalization_SOV,uid_accuracy,accuracy,0.7733,False,locally_scored,1.0,,,results/eval/chinese_pipeline/hf_nk_babylm_zho_gpt2_bpe/main/zero_shot/causal/zhoblimp/zhoblimp/best_temperature_report.txt
hf_nk_babylm_zho_gpt2_bpe,GPT2 BPE,GPT2,BPE,Chinese zero-shot,zhoblimp,BA_verb_le_a,uid_accuracy,accuracy,1.0,False,locally_scored,1.0,,,results/eval/chinese_pipeline/hf_nk_babylm_zho_gpt2_bpe/main/zero_shot/causal/zhoblimp/zhoblimp/best_temperature_report.txt
hf_nk_babylm_zho_gpt2_bpe,GPT2 BPE,GPT2,BPE,Chinese zero-shot,zhoblimp,superlative_quantifiers_1,uid_accuracy,accuracy,0.0,False,locally_scored,1.0,,,results/eval/chinese_pipeline/hf_nk_babylm_zho_gpt2_bpe/main/zero_shot/causal/zhoblimp/zhoblimp/best_temperature_report.txt
hf_nk_babylm_zho_gpt2_bpe,GPT2 BPE,GPT2,BPE,Chinese zero-shot,zhoblimp,BA_no_stative_verb,uid_accuracy,accuracy,0.99,False,locally_scored,1.0,,,results/eval/chinese_pipeline/hf_nk_babylm_zho_gpt2_bpe/main/zero_shot/causal/zhoblimp/zhoblimp/best_temperature_report.txt
hf_nk_babylm_zho_gpt2_bpe,GPT2 BPE,GPT2,BPE,Chinese zero-shot,zhoblimp,ellipsis_double_object,uid_accuracy,accuracy,0.96,False,locally_scored,1.0,,,results/eval/chinese_pipeline/hf_nk_babylm_zho_gpt2_bpe/main/zero_shot/causal/zhoblimp/zhoblimp/best_temperature_report.txt
hf_nk_babylm_zho_gpt2_bpe,GPT2 BPE,GPT2,BPE,Chinese zero-shot,zhoblimp,noun_phrase_conjunction_jian,uid_accuracy,accuracy,0.8167,False,locally_scored,1.0,,,results/eval/chinese_pipeline/hf_nk_babylm_zho_gpt2_bpe/main/zero_shot/causal/zhoblimp/zhoblimp/best_temperature_report.txt
hf_nk_babylm_zho_gpt2_bpe,GPT2 BPE,GPT2,BPE,Chinese zero-shot,zhoblimp,BA_no_progressive,uid_accuracy,accuracy,0.2267,False,locally_scored,1.0,,,results/eval/chinese_pipeline/hf_nk_babylm_zho_gpt2_bpe/main/zero_shot/causal/zhoblimp/zhoblimp/best_temperature_report.txt
hf_nk_babylm_zho_gpt2_bpe,GPT2 BPE,GPT2,BPE,Chinese zero-shot,zhoblimp,left_dou,uid_accuracy,accuracy,0.8767,False,locally_scored,1.0,,,results/eval/chinese_pipeline/hf_nk_babylm_zho_gpt2_bpe/main/zero_shot/causal/zhoblimp/zhoblimp/best_temperature_report.txt
hf_nk_babylm_zho_gpt2_bpe,GPT2 BPE,GPT2,BPE,Chinese zero-shot,zhoblimp,principle_A_c_command_number,uid_accuracy,accuracy,0.0,False,locally_scored,1.0,,,results/eval/chinese_pipeline/hf_nk_babylm_zho_gpt2_bpe/main/zero_shot/causal/zhoblimp/zhoblimp/best_temperature_report.txt
hf_nk_babylm_zho_gpt2_bpe,GPT2 BPE,GPT2,BPE,Chinese zero-shot,zhoblimp,passive_agent_deletion_long_right_a,uid_accuracy,accuracy,0.0233,False,locally_scored,1.0,,,results/eval/chinese_pipeline/hf_nk_babylm_zho_gpt2_bpe/main/zero_shot/causal/zhoblimp/zhoblimp/best_temperature_report.txt
hf_nk_babylm_zho_gpt2_bpe,GPT2 BPE,GPT2,BPE,Chinese zero-shot,zhoblimp,passive_intransitive,uid_accuracy,accuracy,0.45,False,locally_scored,1.0,,,results/eval/chinese_pipeline/hf_nk_babylm_zho_gpt2_bpe/main/zero_shot/causal/zhoblimp/zhoblimp/best_temperature_report.txt
hf_nk_babylm_zho_gpt2_bpe,GPT2 BPE,GPT2,BPE,Chinese zero-shot,zhoblimp,BA,linguistics_term_accuracy,accuracy,0.7418,False,locally_scored,1.0,,,results/eval/chinese_pipeline/hf_nk_babylm_zho_gpt2_bpe/main/zero_shot/causal/zhoblimp/zhoblimp/best_temperature_report.txt
hf_nk_babylm_zho_gpt2_bpe,GPT2 BPE,GPT2,BPE,Chinese zero-shot,zhoblimp,nominal_expression,linguistics_term_accuracy,accuracy,0.7112,False,locally_scored,1.0,,,results/eval/chinese_pipeline/hf_nk_babylm_zho_gpt2_bpe/main/zero_shot/causal/zhoblimp/zhoblimp/best_temperature_report.txt
hf_nk_babylm_zho_gpt2_bpe,GPT2 BPE,GPT2,BPE,Chinese zero-shot,zhoblimp,question,linguistics_term_accuracy,accuracy,0.5724,False,locally_scored,1.0,,,results/eval/chinese_pipeline/hf_nk_babylm_zho_gpt2_bpe/main/zero_shot/causal/zhoblimp/zhoblimp/best_temperature_report.txt
hf_nk_babylm_zho_gpt2_bpe,GPT2 BPE,GPT2,BPE,Chinese zero-shot,zhoblimp,control_raising,linguistics_term_accuracy,accuracy,0.6607999999999999,False,locally_scored,1.0,,,results/eval/chinese_pipeline/hf_nk_babylm_zho_gpt2_bpe/main/zero_shot/causal/zhoblimp/zhoblimp/best_temperature_report.txt
hf_nk_babylm_zho_gpt2_bpe,GPT2 BPE,GPT2,BPE,Chinese zero-shot,zhoblimp,passive,linguistics_term_accuracy,accuracy,0.4128,False,locally_scored,1.0,,,results/eval/chinese_pipeline/hf_nk_babylm_zho_gpt2_bpe/main/zero_shot/causal/zhoblimp/zhoblimp/best_temperature_report.txt
hf_nk_babylm_zho_gpt2_bpe,GPT2 BPE,GPT2,BPE,Chinese zero-shot,zhoblimp,relativization,linguistics_term_accuracy,accuracy,0.725,False,locally_scored,1.0,,,results/eval/chinese_pipeline/hf_nk_babylm_zho_gpt2_bpe/main/zero_shot/causal/zhoblimp/zhoblimp/best_temperature_report.txt
hf_nk_babylm_zho_gpt2_bpe,GPT2 BPE,GPT2,BPE,Chinese zero-shot,zhoblimp,ellipsis,linguistics_term_accuracy,accuracy,0.7267,False,locally_scored,1.0,,,results/eval/chinese_pipeline/hf_nk_babylm_zho_gpt2_bpe/main/zero_shot/causal/zhoblimp/zhoblimp/best_temperature_report.txt
hf_nk_babylm_zho_gpt2_bpe,GPT2 BPE,GPT2,BPE,Chinese zero-shot,zhoblimp,classifier,linguistics_term_accuracy,accuracy,0.5856,False,locally_scored,1.0,,,results/eval/chinese_pipeline/hf_nk_babylm_zho_gpt2_bpe/main/zero_shot/causal/zhoblimp/zhoblimp/best_temperature_report.txt
hf_nk_babylm_zho_gpt2_bpe,GPT2 BPE,GPT2,BPE,Chinese zero-shot,zhoblimp,verb_phrase,linguistics_term_accuracy,accuracy,0.669,False,locally_scored,1.0,,,results/eval/chinese_pipeline/hf_nk_babylm_zho_gpt2_bpe/main/zero_shot/causal/zhoblimp/zhoblimp/best_temperature_report.txt
hf_nk_babylm_zho_gpt2_bpe,GPT2 BPE,GPT2,BPE,Chinese zero-shot,zhoblimp,npi_licensing,linguistics_term_accuracy,accuracy,0.5511,False,locally_scored,1.0,,,results/eval/chinese_pipeline/hf_nk_babylm_zho_gpt2_bpe/main/zero_shot/causal/zhoblimp/zhoblimp/best_temperature_report.txt
hf_nk_babylm_zho_gpt2_bpe,GPT2 BPE,GPT2,BPE,Chinese zero-shot,zhoblimp,anaphor,linguistics_term_accuracy,accuracy,0.5778,False,locally_scored,1.0,,,results/eval/chinese_pipeline/hf_nk_babylm_zho_gpt2_bpe/main/zero_shot/causal/zhoblimp/zhoblimp/best_temperature_report.txt
hf_nk_babylm_zho_gpt2_bpe,GPT2 BPE,GPT2,BPE,Chinese zero-shot,zhoblimp,fci_licensing,linguistics_term_accuracy,accuracy,0.43200000000000005,False,locally_scored,1.0,,,results/eval/chinese_pipeline/hf_nk_babylm_zho_gpt2_bpe/main/zero_shot/causal/zhoblimp/zhoblimp/best_temperature_report.txt
hf_nk_babylm_zho_gpt2_bpe,GPT2 BPE,GPT2,BPE,Chinese zero-shot,zhoblimp,quantifiers,linguistics_term_accuracy,accuracy,0.5,False,locally_scored,1.0,,,results/eval/chinese_pipeline/hf_nk_babylm_zho_gpt2_bpe/main/zero_shot/causal/zhoblimp/zhoblimp/best_temperature_report.txt
hf_nk_babylm_zho_gpt2_bpe,GPT2 BPE,GPT2,BPE,Chinese zero-shot,zhoblimp,argument_structure,linguistics_term_accuracy,accuracy,0.46380000000000005,False,locally_scored,1.0,,,results/eval/chinese_pipeline/hf_nk_babylm_zho_gpt2_bpe/main/zero_shot/causal/zhoblimp/zhoblimp/best_temperature_report.txt
hf_nk_babylm_zho_gpt2_bpe,GPT2 BPE,GPT2,BPE,Chinese zero-shot,zhoblimp,topicalization,linguistics_term_accuracy,accuracy,0.8,False,locally_scored,1.0,,,results/eval/chinese_pipeline/hf_nk_babylm_zho_gpt2_bpe/main/zero_shot/causal/zhoblimp/zhoblimp/best_temperature_report.txt
hf_nk_babylm_zho_gpt2_bpe,GPT2 BPE,GPT2,BPE,Chinese zero-shot,zhoblimp,aggregate,average_accuracy,accuracy,0.6043999999999999,True,locally_scored,1.0,,,results/eval/chinese_pipeline/hf_nk_babylm_zho_gpt2_bpe/main/zero_shot/causal/zhoblimp/zhoblimp/best_temperature_report.txt
hf_nk_babylm_zho_gpt2_bpe,GPT2 BPE,GPT2,BPE,Chinese zero-shot,hanzi_structure,bw,field_accuracy,accuracy,0.5373,False,locally_scored,1.0,,,results/eval/chinese_pipeline/hf_nk_babylm_zho_gpt2_bpe/main/zero_shot/causal/hanzi_structure/hanzi_structure/best_temperature_report.txt
hf_nk_babylm_zho_gpt2_bpe,GPT2 BPE,GPT2,BPE,Chinese zero-shot,hanzi_structure,sx,field_accuracy,accuracy,0.5334,False,locally_scored,1.0,,,results/eval/chinese_pipeline/hf_nk_babylm_zho_gpt2_bpe/main/zero_shot/causal/hanzi_structure/hanzi_structure/best_temperature_report.txt
hf_nk_babylm_zho_gpt2_bpe,GPT2 BPE,GPT2,BPE,Chinese zero-shot,hanzi_structure,szx,field_accuracy,accuracy,0.5614,False,locally_scored,1.0,,,results/eval/chinese_pipeline/hf_nk_babylm_zho_gpt2_bpe/main/zero_shot/causal/hanzi_structure/hanzi_structure/best_temperature_report.txt
hf_nk_babylm_zho_gpt2_bpe,GPT2 BPE,GPT2,BPE,Chinese zero-shot,hanzi_structure,zy,field_accuracy,accuracy,0.5647,False,locally_scored,1.0,,,results/eval/chinese_pipeline/hf_nk_babylm_zho_gpt2_bpe/main/zero_shot/causal/hanzi_structure/hanzi_structure/best_temperature_report.txt
hf_nk_babylm_zho_gpt2_bpe,GPT2 BPE,GPT2,BPE,Chinese zero-shot,hanzi_structure,zzy,field_accuracy,accuracy,0.6024,False,locally_scored,1.0,,,results/eval/chinese_pipeline/hf_nk_babylm_zho_gpt2_bpe/main/zero_shot/causal/hanzi_structure/hanzi_structure/best_temperature_report.txt
hf_nk_babylm_zho_gpt2_bpe,GPT2 BPE,GPT2,BPE,Chinese zero-shot,hanzi_structure,component2whole,uid_accuracy,accuracy,0.574,False,locally_scored,1.0,,,results/eval/chinese_pipeline/hf_nk_babylm_zho_gpt2_bpe/main/zero_shot/causal/hanzi_structure/hanzi_structure/best_temperature_report.txt
hf_nk_babylm_zho_gpt2_bpe,GPT2 BPE,GPT2,BPE,Chinese zero-shot,hanzi_structure,whole2component,uid_accuracy,accuracy,0.528,False,locally_scored,1.0,,,results/eval/chinese_pipeline/hf_nk_babylm_zho_gpt2_bpe/main/zero_shot/causal/hanzi_structure/hanzi_structure/best_temperature_report.txt
hf_nk_babylm_zho_gpt2_bpe,GPT2 BPE,GPT2,BPE,Chinese zero-shot,hanzi_structure,bw,linguistics_term_accuracy,accuracy,0.5373,False,locally_scored,1.0,,,results/eval/chinese_pipeline/hf_nk_babylm_zho_gpt2_bpe/main/zero_shot/causal/hanzi_structure/hanzi_structure/best_temperature_report.txt
hf_nk_babylm_zho_gpt2_bpe,GPT2 BPE,GPT2,BPE,Chinese zero-shot,hanzi_structure,sx,linguistics_term_accuracy,accuracy,0.5334,False,locally_scored,1.0,,,results/eval/chinese_pipeline/hf_nk_babylm_zho_gpt2_bpe/main/zero_shot/causal/hanzi_structure/hanzi_structure/best_temperature_report.txt
hf_nk_babylm_zho_gpt2_bpe,GPT2 BPE,GPT2,BPE,Chinese zero-shot,hanzi_structure,szx,linguistics_term_accuracy,accuracy,0.5614,False,locally_scored,1.0,,,results/eval/chinese_pipeline/hf_nk_babylm_zho_gpt2_bpe/main/zero_shot/causal/hanzi_structure/hanzi_structure/best_temperature_report.txt
hf_nk_babylm_zho_gpt2_bpe,GPT2 BPE,GPT2,BPE,Chinese zero-shot,hanzi_structure,zy,linguistics_term_accuracy,accuracy,0.5647,False,locally_scored,1.0,,,results/eval/chinese_pipeline/hf_nk_babylm_zho_gpt2_bpe/main/zero_shot/causal/hanzi_structure/hanzi_structure/best_temperature_report.txt
hf_nk_babylm_zho_gpt2_bpe,GPT2 BPE,GPT2,BPE,Chinese zero-shot,hanzi_structure,zzy,linguistics_term_accuracy,accuracy,0.6024,False,locally_scored,1.0,,,results/eval/chinese_pipeline/hf_nk_babylm_zho_gpt2_bpe/main/zero_shot/causal/hanzi_structure/hanzi_structure/best_temperature_report.txt
hf_nk_babylm_zho_gpt2_bpe,GPT2 BPE,GPT2,BPE,Chinese zero-shot,hanzi_structure,aggregate,average_accuracy,accuracy,0.551,True,locally_scored,1.0,,,results/eval/chinese_pipeline/hf_nk_babylm_zho_gpt2_bpe/main/zero_shot/causal/hanzi_structure/hanzi_structure/best_temperature_report.txt
hf_nk_babylm_zho_gpt2_bpe,GPT2 BPE,GPT2,BPE,Chinese zero-shot,hanzi_pinyin,class1_disjoint_freqgap_balanced,field_accuracy,accuracy,0.752,False,locally_scored,1.0,,,results/eval/chinese_pipeline/hf_nk_babylm_zho_gpt2_bpe/main/zero_shot/causal/hanzi_pinyin/hanzi_pinyin/best_temperature_report.txt
hf_nk_babylm_zho_gpt2_bpe,GPT2 BPE,GPT2,BPE,Chinese zero-shot,hanzi_pinyin,class1_initial_diff_freqgap_balanced,field_accuracy,accuracy,0.768,False,locally_scored,1.0,,,results/eval/chinese_pipeline/hf_nk_babylm_zho_gpt2_bpe/main/zero_shot/causal/hanzi_pinyin/hanzi_pinyin/best_temperature_report.txt
hf_nk_babylm_zho_gpt2_bpe,GPT2 BPE,GPT2,BPE,Chinese zero-shot,hanzi_pinyin,class1_rhyme_diff_freqgap_balanced,field_accuracy,accuracy,0.81,False,locally_scored,1.0,,,results/eval/chinese_pipeline/hf_nk_babylm_zho_gpt2_bpe/main/zero_shot/causal/hanzi_pinyin/hanzi_pinyin/best_temperature_report.txt
hf_nk_babylm_zho_gpt2_bpe,GPT2 BPE,GPT2,BPE,Chinese zero-shot,hanzi_pinyin,class1_tone_diff_freqgap_balanced,field_accuracy,accuracy,0.7959999999999999,False,locally_scored,1.0,,,results/eval/chinese_pipeline/hf_nk_babylm_zho_gpt2_bpe/main/zero_shot/causal/hanzi_pinyin/hanzi_pinyin/best_temperature_report.txt
hf_nk_babylm_zho_gpt2_bpe,GPT2 BPE,GPT2,BPE,Chinese zero-shot,hanzi_pinyin,class1_disjoint_freqgap_balanced,uid_accuracy,accuracy,0.752,False,locally_scored,1.0,,,results/eval/chinese_pipeline/hf_nk_babylm_zho_gpt2_bpe/main/zero_shot/causal/hanzi_pinyin/hanzi_pinyin/best_temperature_report.txt
hf_nk_babylm_zho_gpt2_bpe,GPT2 BPE,GPT2,BPE,Chinese zero-shot,hanzi_pinyin,class1_initial_diff_freqgap_balanced,uid_accuracy,accuracy,0.768,False,locally_scored,1.0,,,results/eval/chinese_pipeline/hf_nk_babylm_zho_gpt2_bpe/main/zero_shot/causal/hanzi_pinyin/hanzi_pinyin/best_temperature_report.txt
hf_nk_babylm_zho_gpt2_bpe,GPT2 BPE,GPT2,BPE,Chinese zero-shot,hanzi_pinyin,class1_rhyme_diff_freqgap_balanced,uid_accuracy,accuracy,0.81,False,locally_scored,1.0,,,results/eval/chinese_pipeline/hf_nk_babylm_zho_gpt2_bpe/main/zero_shot/causal/hanzi_pinyin/hanzi_pinyin/best_temperature_report.txt
hf_nk_babylm_zho_gpt2_bpe,GPT2 BPE,GPT2,BPE,Chinese zero-shot,hanzi_pinyin,class1_tone_diff_freqgap_balanced,uid_accuracy,accuracy,0.7959999999999999,False,locally_scored,1.0,,,results/eval/chinese_pipeline/hf_nk_babylm_zho_gpt2_bpe/main/zero_shot/causal/hanzi_pinyin/hanzi_pinyin/best_temperature_report.txt
hf_nk_babylm_zho_gpt2_bpe,GPT2 BPE,GPT2,BPE,Chinese zero-shot,hanzi_pinyin,class1_disjoint_freqgap_balanced,linguistics_term_accuracy,accuracy,0.752,False,locally_scored,1.0,,,results/eval/chinese_pipeline/hf_nk_babylm_zho_gpt2_bpe/main/zero_shot/causal/hanzi_pinyin/hanzi_pinyin/best_temperature_report.txt
hf_nk_babylm_zho_gpt2_bpe,GPT2 BPE,GPT2,BPE,Chinese zero-shot,hanzi_pinyin,class1_initial_diff_freqgap_balanced,linguistics_term_accuracy,accuracy,0.768,False,locally_scored,1.0,,,results/eval/chinese_pipeline/hf_nk_babylm_zho_gpt2_bpe/main/zero_shot/causal/hanzi_pinyin/hanzi_pinyin/best_temperature_report.txt
hf_nk_babylm_zho_gpt2_bpe,GPT2 BPE,GPT2,BPE,Chinese zero-shot,hanzi_pinyin,class1_rhyme_diff_freqgap_balanced,linguistics_term_accuracy,accuracy,0.81,False,locally_scored,1.0,,,results/eval/chinese_pipeline/hf_nk_babylm_zho_gpt2_bpe/main/zero_shot/causal/hanzi_pinyin/hanzi_pinyin/best_temperature_report.txt
hf_nk_babylm_zho_gpt2_bpe,GPT2 BPE,GPT2,BPE,Chinese zero-shot,hanzi_pinyin,class1_tone_diff_freqgap_balanced,linguistics_term_accuracy,accuracy,0.7959999999999999,False,locally_scored,1.0,,,results/eval/chinese_pipeline/hf_nk_babylm_zho_gpt2_bpe/main/zero_shot/causal/hanzi_pinyin/hanzi_pinyin/best_temperature_report.txt
hf_nk_babylm_zho_gpt2_bpe,GPT2 BPE,GPT2,BPE,Chinese zero-shot,hanzi_pinyin,aggregate,average_accuracy,accuracy,0.7815000000000001,True,locally_scored,1.0,,,results/eval/chinese_pipeline/hf_nk_babylm_zho_gpt2_bpe/main/zero_shot/causal/hanzi_pinyin/hanzi_pinyin/best_temperature_report.txt
hf_nk_babylm_zho_gpt2_bpe,GPT2 BPE,GPT2,BPE,Chinese fine-tune,afqmc,zh,evaluation,accuracy,0.6918443002780352,True,locally_scored,,,,results/eval/chinese_pipeline/hf_nk_babylm_zho_gpt2_bpe/main/finetune/afqmc/results.txt
hf_nk_babylm_zho_gpt2_bpe,GPT2 BPE,GPT2,BPE,Chinese fine-tune,afqmc,zh,evaluation,f1,0.09028727770177838,False,locally_scored,,,,results/eval/chinese_pipeline/hf_nk_babylm_zho_gpt2_bpe/main/finetune/afqmc/results.txt
hf_nk_babylm_zho_gpt2_bpe,GPT2 BPE,GPT2,BPE,Chinese fine-tune,afqmc,zh,evaluation,mcc,0.08264767798442761,False,locally_scored,,,,results/eval/chinese_pipeline/hf_nk_babylm_zho_gpt2_bpe/main/finetune/afqmc/results.txt
hf_nk_babylm_zho_gpt2_bpe,GPT2 BPE,GPT2,BPE,Chinese fine-tune,ocnli,zh,evaluation,accuracy,0.6016949152542372,True,locally_scored,,,,results/eval/chinese_pipeline/hf_nk_babylm_zho_gpt2_bpe/main/finetune/ocnli/results.txt
hf_nk_babylm_zho_gpt2_bpe,GPT2 BPE,GPT2,BPE,Chinese fine-tune,tnews,zh,evaluation,accuracy,0.4865,True,locally_scored,,,,results/eval/chinese_pipeline/hf_nk_babylm_zho_gpt2_bpe/main/finetune/tnews/results.txt
hf_nk_babylm_zho_gpt2_bpe,GPT2 BPE,GPT2,BPE,Chinese fine-tune,cluewsc2020,zh,evaluation,accuracy,0.6348684210526315,True,locally_scored,,,,results/eval/chinese_pipeline/hf_nk_babylm_zho_gpt2_bpe/main/finetune/cluewsc2020/results.txt
hf_nk_babylm_zho_gpt2_bpe,GPT2 BPE,GPT2,BPE,Chinese fine-tune,cluewsc2020,zh,evaluation,f1,0.7739307535641547,False,locally_scored,,,,results/eval/chinese_pipeline/hf_nk_babylm_zho_gpt2_bpe/main/finetune/cluewsc2020/results.txt
hf_nk_babylm_zho_gpt2_bpe,GPT2 BPE,GPT2,BPE,Chinese fine-tune,cluewsc2020,zh,evaluation,mcc,0.039747627029175954,False,locally_scored,,,,results/eval/chinese_pipeline/hf_nk_babylm_zho_gpt2_bpe/main/finetune/cluewsc2020/results.txt
hf_nk_babylm_zho_gpt2_bpe,GPT2 BPE,GPT2,BPE,CogBench,word_fmri,aggregate,aggregate,mean,0.5471172940654601,True,locally_scored,,6,False,results/eval/chinese_pipeline/hf_nk_babylm_zho_gpt2_bpe/main/cogbench/word_fmri/cogbench_word_fmri_hf_nk_babylm_zho_gpt2_bpe_report.json
hf_nk_babylm_zho_gpt2_bpe,GPT2 BPE,GPT2,BPE,CogBench,word_fmri,aggregate,aggregate,min,0.5077473894716824,False,locally_scored,,6,False,results/eval/chinese_pipeline/hf_nk_babylm_zho_gpt2_bpe/main/cogbench/word_fmri/cogbench_word_fmri_hf_nk_babylm_zho_gpt2_bpe_report.json
hf_nk_babylm_zho_gpt2_bpe,GPT2 BPE,GPT2,BPE,CogBench,word_fmri,aggregate,aggregate,max,0.5901006301996865,False,locally_scored,,6,False,results/eval/chinese_pipeline/hf_nk_babylm_zho_gpt2_bpe/main/cogbench/word_fmri/cogbench_word_fmri_hf_nk_babylm_zho_gpt2_bpe_report.json
hf_nk_babylm_zho_gpt2_bpe,GPT2 BPE,GPT2,BPE,CogBench,fmri,aggregate,aggregate,mean,0.07911024460004273,True,locally_scored,,36,False,results/eval/chinese_pipeline/hf_nk_babylm_zho_gpt2_bpe/main/cogbench/fmri/cogbench_fmri_hf_nk_babylm_zho_gpt2_bpe_report.json
hf_nk_babylm_zho_gpt2_bpe,GPT2 BPE,GPT2,BPE,CogBench,fmri,aggregate,aggregate,min,0.007865860795806316,False,locally_scored,,36,False,results/eval/chinese_pipeline/hf_nk_babylm_zho_gpt2_bpe/main/cogbench/fmri/cogbench_fmri_hf_nk_babylm_zho_gpt2_bpe_report.json
hf_nk_babylm_zho_gpt2_bpe,GPT2 BPE,GPT2,BPE,CogBench,fmri,aggregate,aggregate,max,0.18718819366088205,False,locally_scored,,36,False,results/eval/chinese_pipeline/hf_nk_babylm_zho_gpt2_bpe/main/cogbench/fmri/cogbench_fmri_hf_nk_babylm_zho_gpt2_bpe_report.json
hf_nk_babylm_zho_qwen2_bpe,Qwen2 BPE,Qwen2,BPE,Chinese zero-shot,zhoblimp,BA,field_accuracy,accuracy,0.7359,False,locally_scored,1.0,,,results/eval/chinese_pipeline/hf_nk_babylm_zho_qwen2_bpe/main/zero_shot/causal/zhoblimp/zhoblimp/best_temperature_report.txt
hf_nk_babylm_zho_qwen2_bpe,Qwen2 BPE,Qwen2,BPE,Chinese zero-shot,zhoblimp,nominal_expression,field_accuracy,accuracy,0.7142000000000001,False,locally_scored,1.0,,,results/eval/chinese_pipeline/hf_nk_babylm_zho_qwen2_bpe/main/zero_shot/causal/zhoblimp/zhoblimp/best_temperature_report.txt
hf_nk_babylm_zho_qwen2_bpe,Qwen2 BPE,Qwen2,BPE,Chinese zero-shot,zhoblimp,question,field_accuracy,accuracy,0.6262,False,locally_scored,1.0,,,results/eval/chinese_pipeline/hf_nk_babylm_zho_qwen2_bpe/main/zero_shot/causal/zhoblimp/zhoblimp/best_temperature_report.txt
hf_nk_babylm_zho_qwen2_bpe,Qwen2 BPE,Qwen2,BPE,Chinese zero-shot,zhoblimp,control_raising,field_accuracy,accuracy,0.695,False,locally_scored,1.0,,,results/eval/chinese_pipeline/hf_nk_babylm_zho_qwen2_bpe/main/zero_shot/causal/zhoblimp/zhoblimp/best_temperature_report.txt
hf_nk_babylm_zho_qwen2_bpe,Qwen2 BPE,Qwen2,BPE,Chinese zero-shot,zhoblimp,passive,field_accuracy,accuracy,0.43920000000000003,False,locally_scored,1.0,,,results/eval/chinese_pipeline/hf_nk_babylm_zho_qwen2_bpe/main/zero_shot/causal/zhoblimp/zhoblimp/best_temperature_report.txt
hf_nk_babylm_zho_qwen2_bpe,Qwen2 BPE,Qwen2,BPE,Chinese zero-shot,zhoblimp,relativization,field_accuracy,accuracy,0.7208,False,locally_scored,1.0,,,results/eval/chinese_pipeline/hf_nk_babylm_zho_qwen2_bpe/main/zero_shot/causal/zhoblimp/zhoblimp/best_temperature_report.txt
hf_nk_babylm_zho_qwen2_bpe,Qwen2 BPE,Qwen2,BPE,Chinese zero-shot,zhoblimp,ellipsis,field_accuracy,accuracy,0.6978,False,locally_scored,1.0,,,results/eval/chinese_pipeline/hf_nk_babylm_zho_qwen2_bpe/main/zero_shot/causal/zhoblimp/zhoblimp/best_temperature_report.txt
hf_nk_babylm_zho_qwen2_bpe,Qwen2 BPE,Qwen2,BPE,Chinese zero-shot,zhoblimp,classifier,field_accuracy,accuracy,0.6043999999999999,False,locally_scored,1.0,,,results/eval/chinese_pipeline/hf_nk_babylm_zho_qwen2_bpe/main/zero_shot/causal/zhoblimp/zhoblimp/best_temperature_report.txt
hf_nk_babylm_zho_qwen2_bpe,Qwen2 BPE,Qwen2,BPE,Chinese zero-shot,zhoblimp,verb_phrase,field_accuracy,accuracy,0.6612,False,locally_scored,1.0,,,results/eval/chinese_pipeline/hf_nk_babylm_zho_qwen2_bpe/main/zero_shot/causal/zhoblimp/zhoblimp/best_temperature_report.txt
hf_nk_babylm_zho_qwen2_bpe,Qwen2 BPE,Qwen2,BPE,Chinese zero-shot,zhoblimp,npi_licensing,field_accuracy,accuracy,0.6011,False,locally_scored,1.0,,,results/eval/chinese_pipeline/hf_nk_babylm_zho_qwen2_bpe/main/zero_shot/causal/zhoblimp/zhoblimp/best_temperature_report.txt
hf_nk_babylm_zho_qwen2_bpe,Qwen2 BPE,Qwen2,BPE,Chinese zero-shot,zhoblimp,anaphor,field_accuracy,accuracy,0.5767,False,locally_scored,1.0,,,results/eval/chinese_pipeline/hf_nk_babylm_zho_qwen2_bpe/main/zero_shot/causal/zhoblimp/zhoblimp/best_temperature_report.txt
hf_nk_babylm_zho_qwen2_bpe,Qwen2 BPE,Qwen2,BPE,Chinese zero-shot,zhoblimp,fci_licensing,field_accuracy,accuracy,0.4587,False,locally_scored,1.0,,,results/eval/chinese_pipeline/hf_nk_babylm_zho_qwen2_bpe/main/zero_shot/causal/zhoblimp/zhoblimp/best_temperature_report.txt
hf_nk_babylm_zho_qwen2_bpe,Qwen2 BPE,Qwen2,BPE,Chinese zero-shot,zhoblimp,quantifiers,field_accuracy,accuracy,0.5083,False,locally_scored,1.0,,,results/eval/chinese_pipeline/hf_nk_babylm_zho_qwen2_bpe/main/zero_shot/causal/zhoblimp/zhoblimp/best_temperature_report.txt
hf_nk_babylm_zho_qwen2_bpe,Qwen2 BPE,Qwen2,BPE,Chinese zero-shot,zhoblimp,argument_structure,field_accuracy,accuracy,0.4867,False,locally_scored,1.0,,,results/eval/chinese_pipeline/hf_nk_babylm_zho_qwen2_bpe/main/zero_shot/causal/zhoblimp/zhoblimp/best_temperature_report.txt
hf_nk_babylm_zho_qwen2_bpe,Qwen2 BPE,Qwen2,BPE,Chinese zero-shot,zhoblimp,topicalization,field_accuracy,accuracy,0.815,False,locally_scored,1.0,,,results/eval/chinese_pipeline/hf_nk_babylm_zho_qwen2_bpe/main/zero_shot/causal/zhoblimp/zhoblimp/best_temperature_report.txt
hf_nk_babylm_zho_qwen2_bpe,Qwen2 BPE,Qwen2,BPE,Chinese zero-shot,zhoblimp,BA_BEI_subj_drop,uid_accuracy,accuracy,0.61,False,locally_scored,1.0,,,results/eval/chinese_pipeline/hf_nk_babylm_zho_qwen2_bpe/main/zero_shot/causal/zhoblimp/zhoblimp/best_temperature_report.txt
hf_nk_babylm_zho_qwen2_bpe,Qwen2 BPE,Qwen2,BPE,Chinese zero-shot,zhoblimp,you_quantifier_adj,uid_accuracy,accuracy,0.9067000000000001,False,locally_scored,1.0,,,results/eval/chinese_pipeline/hf_nk_babylm_zho_qwen2_bpe/main/zero_shot/causal/zhoblimp/zhoblimp/best_temperature_report.txt
hf_nk_babylm_zho_qwen2_bpe,Qwen2 BPE,Qwen2,BPE,Chinese zero-shot,zhoblimp,question_nandao_raising_2,uid_accuracy,accuracy,0.7132999999999999,False,locally_scored,1.0,,,results/eval/chinese_pipeline/hf_nk_babylm_zho_qwen2_bpe/main/zero_shot/causal/zhoblimp/zhoblimp/best_temperature_report.txt
hf_nk_babylm_zho_qwen2_bpe,Qwen2 BPE,Qwen2,BPE,Chinese zero-shot,zhoblimp,modal_raising_hui,uid_accuracy,accuracy,0.6567000000000001,False,locally_scored,1.0,,,results/eval/chinese_pipeline/hf_nk_babylm_zho_qwen2_bpe/main/zero_shot/causal/zhoblimp/zhoblimp/best_temperature_report.txt
hf_nk_babylm_zho_qwen2_bpe,Qwen2 BPE,Qwen2,BPE,Chinese zero-shot,zhoblimp,you_yige,uid_accuracy,accuracy,0.9767,False,locally_scored,1.0,,,results/eval/chinese_pipeline/hf_nk_babylm_zho_qwen2_bpe/main/zero_shot/causal/zhoblimp/zhoblimp/best_temperature_report.txt
hf_nk_babylm_zho_qwen2_bpe,Qwen2 BPE,Qwen2,BPE,Chinese zero-shot,zhoblimp,BEI_construction_a,uid_accuracy,accuracy,0.7933,False,locally_scored,1.0,,,results/eval/chinese_pipeline/hf_nk_babylm_zho_qwen2_bpe/main/zero_shot/causal/zhoblimp/zhoblimp/best_temperature_report.txt
hf_nk_babylm_zho_qwen2_bpe,Qwen2 BPE,Qwen2,BPE,Chinese zero-shot,zhoblimp,passive_body_part,uid_accuracy,accuracy,0.6867,False,locally_scored,1.0,,,results/eval/chinese_pipeline/hf_nk_babylm_zho_qwen2_bpe/main/zero_shot/causal/zhoblimp/zhoblimp/best_temperature_report.txt
hf_nk_babylm_zho_qwen2_bpe,Qwen2 BPE,Qwen2,BPE,Chinese zero-shot,zhoblimp,relativization_movement_when_where,uid_accuracy,accuracy,0.9833,False,locally_scored,1.0,,,results/eval/chinese_pipeline/hf_nk_babylm_zho_qwen2_bpe/main/zero_shot/causal/zhoblimp/zhoblimp/best_temperature_report.txt
hf_nk_babylm_zho_qwen2_bpe,Qwen2 BPE,Qwen2,BPE,Chinese zero-shot,zhoblimp,question_nandao_negation,uid_accuracy,accuracy,0.8633,False,locally_scored,1.0,,,results/eval/chinese_pipeline/hf_nk_babylm_zho_qwen2_bpe/main/zero_shot/causal/zhoblimp/zhoblimp/best_temperature_report.txt
hf_nk_babylm_zho_qwen2_bpe,Qwen2 BPE,Qwen2,BPE,Chinese zero-shot,zhoblimp,BA_verb_le_b,uid_accuracy,accuracy,0.44670000000000004,False,locally_scored,1.0,,,results/eval/chinese_pipeline/hf_nk_babylm_zho_qwen2_bpe/main/zero_shot/causal/zhoblimp/zhoblimp/best_temperature_report.txt
hf_nk_babylm_zho_qwen2_bpe,Qwen2 BPE,Qwen2,BPE,Chinese zero-shot,zhoblimp,BEI_preposition,uid_accuracy,accuracy,0.9433,False,locally_scored,1.0,,,results/eval/chinese_pipeline/hf_nk_babylm_zho_qwen2_bpe/main/zero_shot/causal/zhoblimp/zhoblimp/best_temperature_report.txt
hf_nk_babylm_zho_qwen2_bpe,Qwen2 BPE,Qwen2,BPE,Chinese zero-shot,zhoblimp,ellipsis_adj,uid_accuracy,accuracy,0.6567000000000001,False,locally_scored,1.0,,,results/eval/chinese_pipeline/hf_nk_babylm_zho_qwen2_bpe/main/zero_shot/causal/zhoblimp/zhoblimp/best_temperature_report.txt
hf_nk_babylm_zho_qwen2_bpe,Qwen2 BPE,Qwen2,BPE,Chinese zero-shot,zhoblimp,passive_suo,uid_accuracy,accuracy,0.1,False,locally_scored,1.0,,,results/eval/chinese_pipeline/hf_nk_babylm_zho_qwen2_bpe/main/zero_shot/causal/zhoblimp/zhoblimp/best_temperature_report.txt
hf_nk_babylm_zho_qwen2_bpe,Qwen2 BPE,Qwen2,BPE,Chinese zero-shot,zhoblimp,control_modal_vs_raising_modal,uid_accuracy,accuracy,0.9833,False,locally_scored,1.0,,,results/eval/chinese_pipeline/hf_nk_babylm_zho_qwen2_bpe/main/zero_shot/causal/zhoblimp/zhoblimp/best_temperature_report.txt
hf_nk_babylm_zho_qwen2_bpe,Qwen2 BPE,Qwen2,BPE,Chinese zero-shot,zhoblimp,question_daodi_nandao_2,uid_accuracy,accuracy,0.04,False,locally_scored,1.0,,,results/eval/chinese_pipeline/hf_nk_babylm_zho_qwen2_bpe/main/zero_shot/causal/zhoblimp/zhoblimp/best_temperature_report.txt
hf_nk_babylm_zho_qwen2_bpe,Qwen2 BPE,Qwen2,BPE,Chinese zero-shot,zhoblimp,classifier_noun_agreement,uid_accuracy,accuracy,0.5767,False,locally_scored,1.0,,,results/eval/chinese_pipeline/hf_nk_babylm_zho_qwen2_bpe/main/zero_shot/causal/zhoblimp/zhoblimp/best_temperature_report.txt
hf_nk_babylm_zho_qwen2_bpe,Qwen2 BPE,Qwen2,BPE,Chinese zero-shot,zhoblimp,right_yijing_b,uid_accuracy,accuracy,0.5733,False,locally_scored,1.0,,,results/eval/chinese_pipeline/hf_nk_babylm_zho_qwen2_bpe/main/zero_shot/causal/zhoblimp/zhoblimp/best_temperature_report.txt
hf_nk_babylm_zho_qwen2_bpe,Qwen2 BPE,Qwen2,BPE,Chinese zero-shot,zhoblimp,renhe_no_episodic_sentences,uid_accuracy,accuracy,0.30329999999999996,False,locally_scored,1.0,,,results/eval/chinese_pipeline/hf_nk_babylm_zho_qwen2_bpe/main/zero_shot/causal/zhoblimp/zhoblimp/best_temperature_report.txt
hf_nk_babylm_zho_qwen2_bpe,Qwen2 BPE,Qwen2,BPE,Chinese zero-shot,zhoblimp,npi_renhe_wh_question_obj,uid_accuracy,accuracy,0.9233,False,locally_scored,1.0,,,results/eval/chinese_pipeline/hf_nk_babylm_zho_qwen2_bpe/main/zero_shot/causal/zhoblimp/zhoblimp/best_temperature_report.txt
hf_nk_babylm_zho_qwen2_bpe,Qwen2 BPE,Qwen2,BPE,Chinese zero-shot,zhoblimp,question_daodi_negation,uid_accuracy,accuracy,0.5567,False,locally_scored,1.0,,,results/eval/chinese_pipeline/hf_nk_babylm_zho_qwen2_bpe/main/zero_shot/causal/zhoblimp/zhoblimp/best_temperature_report.txt
hf_nk_babylm_zho_qwen2_bpe,Qwen2 BPE,Qwen2,BPE,Chinese zero-shot,zhoblimp,BA_inversion,uid_accuracy,accuracy,0.8967,False,locally_scored,1.0,,,results/eval/chinese_pipeline/hf_nk_babylm_zho_qwen2_bpe/main/zero_shot/causal/zhoblimp/zhoblimp/best_temperature_report.txt
hf_nk_babylm_zho_qwen2_bpe,Qwen2 BPE,Qwen2,BPE,Chinese zero-shot,zhoblimp,question_nandao_raising_1_a,uid_accuracy,accuracy,1.0,False,locally_scored,1.0,,,results/eval/chinese_pipeline/hf_nk_babylm_zho_qwen2_bpe/main/zero_shot/causal/zhoblimp/zhoblimp/best_temperature_report.txt
hf_nk_babylm_zho_qwen2_bpe,Qwen2 BPE,Qwen2,BPE,Chinese zero-shot,zhoblimp,question_particle_daodi_choice_intran,uid_accuracy,accuracy,0.5767,False,locally_scored,1.0,,,results/eval/chinese_pipeline/hf_nk_babylm_zho_qwen2_bpe/main/zero_shot/causal/zhoblimp/zhoblimp/best_temperature_report.txt
hf_nk_babylm_zho_qwen2_bpe,Qwen2 BPE,Qwen2,BPE,Chinese zero-shot,zhoblimp,anaphor_gender_agreement,uid_accuracy,accuracy,0.5,False,locally_scored,1.0,,,results/eval/chinese_pipeline/hf_nk_babylm_zho_qwen2_bpe/main/zero_shot/causal/zhoblimp/zhoblimp/best_temperature_report.txt
hf_nk_babylm_zho_qwen2_bpe,Qwen2 BPE,Qwen2,BPE,Chinese zero-shot,zhoblimp,question_nandao_scope_2,uid_accuracy,accuracy,0.4833,False,locally_scored,1.0,,,results/eval/chinese_pipeline/hf_nk_babylm_zho_qwen2_bpe/main/zero_shot/causal/zhoblimp/zhoblimp/best_temperature_report.txt
hf_nk_babylm_zho_qwen2_bpe,Qwen2 BPE,Qwen2,BPE,Chinese zero-shot,zhoblimp,principle_A_domain_number,uid_accuracy,accuracy,1.0,False,locally_scored,1.0,,,results/eval/chinese_pipeline/hf_nk_babylm_zho_qwen2_bpe/main/zero_shot/causal/zhoblimp/zhoblimp/best_temperature_report.txt
hf_nk_babylm_zho_qwen2_bpe,Qwen2 BPE,Qwen2,BPE,Chinese zero-shot,zhoblimp,npi_renhe_neg_scope_subj,uid_accuracy,accuracy,0.4667,False,locally_scored,1.0,,,results/eval/chinese_pipeline/hf_nk_babylm_zho_qwen2_bpe/main/zero_shot/causal/zhoblimp/zhoblimp/best_temperature_report.txt
hf_nk_babylm_zho_qwen2_bpe,Qwen2 BPE,Qwen2,BPE,Chinese zero-shot,zhoblimp,passive_no_adj,uid_accuracy,accuracy,0.7232999999999999,False,locally_scored,1.0,,,results/eval/chinese_pipeline/hf_nk_babylm_zho_qwen2_bpe/main/zero_shot/causal/zhoblimp/zhoblimp/best_temperature_report.txt
hf_nk_babylm_zho_qwen2_bpe,Qwen2 BPE,Qwen2,BPE,Chinese zero-shot,zhoblimp,question_A_not_A_indirect,uid_accuracy,accuracy,1.0,False,locally_scored,1.0,,,results/eval/chinese_pipeline/hf_nk_babylm_zho_qwen2_bpe/main/zero_shot/causal/zhoblimp/zhoblimp/best_temperature_report.txt
hf_nk_babylm_zho_qwen2_bpe,Qwen2 BPE,Qwen2,BPE,Chinese zero-shot,zhoblimp,fci_renhe_suoyou,uid_accuracy,accuracy,1.0,False,locally_scored,1.0,,,results/eval/chinese_pipeline/hf_nk_babylm_zho_qwen2_bpe/main/zero_shot/causal/zhoblimp/zhoblimp/best_temperature_report.txt
hf_nk_babylm_zho_qwen2_bpe,Qwen2 BPE,Qwen2,BPE,Chinese zero-shot,zhoblimp,BA_suo_adverbial_b,uid_accuracy,accuracy,0.9367,False,locally_scored,1.0,,,results/eval/chinese_pipeline/hf_nk_babylm_zho_qwen2_bpe/main/zero_shot/causal/zhoblimp/zhoblimp/best_temperature_report.txt
hf_nk_babylm_zho_qwen2_bpe,Qwen2 BPE,Qwen2,BPE,Chinese zero-shot,zhoblimp,passive_agent_deletion_short,uid_accuracy,accuracy,0.0,False,locally_scored,1.0,,,results/eval/chinese_pipeline/hf_nk_babylm_zho_qwen2_bpe/main/zero_shot/causal/zhoblimp/zhoblimp/best_temperature_report.txt
hf_nk_babylm_zho_qwen2_bpe,Qwen2 BPE,Qwen2,BPE,Chinese zero-shot,zhoblimp,superlative_quantifiers_2,uid_accuracy,accuracy,1.0,False,locally_scored,1.0,,,results/eval/chinese_pipeline/hf_nk_babylm_zho_qwen2_bpe/main/zero_shot/causal/zhoblimp/zhoblimp/best_temperature_report.txt
hf_nk_babylm_zho_qwen2_bpe,Qwen2 BPE,Qwen2,BPE,Chinese zero-shot,zhoblimp,agent_animacy_passive,uid_accuracy,accuracy,0.49329999999999996,False,locally_scored,1.0,,,results/eval/chinese_pipeline/hf_nk_babylm_zho_qwen2_bpe/main/zero_shot/causal/zhoblimp/zhoblimp/best_temperature_report.txt
hf_nk_babylm_zho_qwen2_bpe,Qwen2 BPE,Qwen2,BPE,Chinese zero-shot,zhoblimp,npi_renhe_neg_scope_locP,uid_accuracy,accuracy,0.7967,False,locally_scored,1.0,,,results/eval/chinese_pipeline/hf_nk_babylm_zho_qwen2_bpe/main/zero_shot/causal/zhoblimp/zhoblimp/best_temperature_report.txt
hf_nk_babylm_zho_qwen2_bpe,Qwen2 BPE,Qwen2,BPE,Chinese zero-shot,zhoblimp,plural_cardinal_men_a,uid_accuracy,accuracy,1.0,False,locally_scored,1.0,,,results/eval/chinese_pipeline/hf_nk_babylm_zho_qwen2_bpe/main/zero_shot/causal/zhoblimp/zhoblimp/best_temperature_report.txt
hf_nk_babylm_zho_qwen2_bpe,Qwen2 BPE,Qwen2,BPE,Chinese zero-shot,zhoblimp,principle_A_c_command,uid_accuracy,accuracy,0.9632999999999999,False,locally_scored,1.0,,,results/eval/chinese_pipeline/hf_nk_babylm_zho_qwen2_bpe/main/zero_shot/causal/zhoblimp/zhoblimp/best_temperature_report.txt
hf_nk_babylm_zho_qwen2_bpe,Qwen2 BPE,Qwen2,BPE,Chinese zero-shot,zhoblimp,question_daodi_nandao_1,uid_accuracy,accuracy,0.9867,False,locally_scored,1.0,,,results/eval/chinese_pipeline/hf_nk_babylm_zho_qwen2_bpe/main/zero_shot/causal/zhoblimp/zhoblimp/best_temperature_report.txt
hf_nk_babylm_zho_qwen2_bpe,Qwen2 BPE,Qwen2,BPE,Chinese zero-shot,zhoblimp,preposition_insertion,uid_accuracy,accuracy,0.7433,False,locally_scored,1.0,,,results/eval/chinese_pipeline/hf_nk_babylm_zho_qwen2_bpe/main/zero_shot/causal/zhoblimp/zhoblimp/best_temperature_report.txt
hf_nk_babylm_zho_qwen2_bpe,Qwen2 BPE,Qwen2,BPE,Chinese zero-shot,zhoblimp,BEI_construction_b,uid_accuracy,accuracy,0.9333,False,locally_scored,1.0,,,results/eval/chinese_pipeline/hf_nk_babylm_zho_qwen2_bpe/main/zero_shot/causal/zhoblimp/zhoblimp/best_temperature_report.txt
hf_nk_babylm_zho_qwen2_bpe,Qwen2 BPE,Qwen2,BPE,Chinese zero-shot,zhoblimp,ellipsis_n_bar_class,uid_accuracy,accuracy,0.5467,False,locally_scored,1.0,,,results/eval/chinese_pipeline/hf_nk_babylm_zho_qwen2_bpe/main/zero_shot/causal/zhoblimp/zhoblimp/best_temperature_report.txt
hf_nk_babylm_zho_qwen2_bpe,Qwen2 BPE,Qwen2,BPE,Chinese zero-shot,zhoblimp,question_particle_daodi_choice_tran,uid_accuracy,accuracy,0.5867,False,locally_scored,1.0,,,results/eval/chinese_pipeline/hf_nk_babylm_zho_qwen2_bpe/main/zero_shot/causal/zhoblimp/zhoblimp/best_temperature_report.txt
hf_nk_babylm_zho_qwen2_bpe,Qwen2 BPE,Qwen2,BPE,Chinese zero-shot,zhoblimp,plural_cardinal_men_b,uid_accuracy,accuracy,1.0,False,locally_scored,1.0,,,results/eval/chinese_pipeline/hf_nk_babylm_zho_qwen2_bpe/main/zero_shot/causal/zhoblimp/zhoblimp/best_temperature_report.txt
hf_nk_babylm_zho_qwen2_bpe,Qwen2 BPE,Qwen2,BPE,Chinese zero-shot,zhoblimp,agent_animacy_adv,uid_accuracy,accuracy,0.5932999999999999,False,locally_scored,1.0,,,results/eval/chinese_pipeline/hf_nk_babylm_zho_qwen2_bpe/main/zero_shot/causal/zhoblimp/zhoblimp/best_temperature_report.txt
hf_nk_babylm_zho_qwen2_bpe,Qwen2 BPE,Qwen2,BPE,Chinese zero-shot,zhoblimp,verb_negation_particle,uid_accuracy,accuracy,0.44670000000000004,False,locally_scored,1.0,,,results/eval/chinese_pipeline/hf_nk_babylm_zho_qwen2_bpe/main/zero_shot/causal/zhoblimp/zhoblimp/best_temperature_report.txt
hf_nk_babylm_zho_qwen2_bpe,Qwen2 BPE,Qwen2,BPE,Chinese zero-shot,zhoblimp,fci_renhe_prepP,uid_accuracy,accuracy,0.0,False,locally_scored,1.0,,,results/eval/chinese_pipeline/hf_nk_babylm_zho_qwen2_bpe/main/zero_shot/causal/zhoblimp/zhoblimp/best_temperature_report.txt
hf_nk_babylm_zho_qwen2_bpe,Qwen2 BPE,Qwen2,BPE,Chinese zero-shot,zhoblimp,right_yijing_a,uid_accuracy,accuracy,0.5667,False,locally_scored,1.0,,,results/eval/chinese_pipeline/hf_nk_babylm_zho_qwen2_bpe/main/zero_shot/causal/zhoblimp/zhoblimp/best_temperature_report.txt
hf_nk_babylm_zho_qwen2_bpe,Qwen2 BPE,Qwen2,BPE,Chinese zero-shot,zhoblimp,intransitive_double_obj,uid_accuracy,accuracy,0.3467,False,locally_scored,1.0,,,results/eval/chinese_pipeline/hf_nk_babylm_zho_qwen2_bpe/main/zero_shot/causal/zhoblimp/zhoblimp/best_temperature_report.txt
hf_nk_babylm_zho_qwen2_bpe,Qwen2 BPE,Qwen2,BPE,Chinese zero-shot,zhoblimp,anaphor_number_agreement,uid_accuracy,accuracy,0.0,False,locally_scored,1.0,,,results/eval/chinese_pipeline/hf_nk_babylm_zho_qwen2_bpe/main/zero_shot/causal/zhoblimp/zhoblimp/best_temperature_report.txt
hf_nk_babylm_zho_qwen2_bpe,Qwen2 BPE,Qwen2,BPE,Chinese zero-shot,zhoblimp,left_adverbial_negation,uid_accuracy,accuracy,0.56,False,locally_scored,1.0,,,results/eval/chinese_pipeline/hf_nk_babylm_zho_qwen2_bpe/main/zero_shot/causal/zhoblimp/zhoblimp/best_temperature_report.txt
hf_nk_babylm_zho_qwen2_bpe,Qwen2 BPE,Qwen2,BPE,Chinese zero-shot,zhoblimp,npi_renhe_A_not_A_question,uid_accuracy,accuracy,0.0,False,locally_scored,1.0,,,results/eval/chinese_pipeline/hf_nk_babylm_zho_qwen2_bpe/main/zero_shot/causal/zhoblimp/zhoblimp/best_temperature_report.txt
hf_nk_babylm_zho_qwen2_bpe,Qwen2 BPE,Qwen2,BPE,Chinese zero-shot,zhoblimp,modal_raising_topicalization,uid_accuracy,accuracy,0.5033,False,locally_scored,1.0,,,results/eval/chinese_pipeline/hf_nk_babylm_zho_qwen2_bpe/main/zero_shot/causal/zhoblimp/zhoblimp/best_temperature_report.txt
hf_nk_babylm_zho_qwen2_bpe,Qwen2 BPE,Qwen2,BPE,Chinese zero-shot,zhoblimp,relative_operator_who,uid_accuracy,accuracy,0.9367,False,locally_scored,1.0,,,results/eval/chinese_pipeline/hf_nk_babylm_zho_qwen2_bpe/main/zero_shot/causal/zhoblimp/zhoblimp/best_temperature_report.txt
hf_nk_babylm_zho_qwen2_bpe,Qwen2 BPE,Qwen2,BPE,Chinese zero-shot,zhoblimp,renhe_no_superordinate_negation,uid_accuracy,accuracy,0.5767,False,locally_scored,1.0,,,results/eval/chinese_pipeline/hf_nk_babylm_zho_qwen2_bpe/main/zero_shot/causal/zhoblimp/zhoblimp/best_temperature_report.txt
hf_nk_babylm_zho_qwen2_bpe,Qwen2 BPE,Qwen2,BPE,Chinese zero-shot,zhoblimp,left_adverbial_d,uid_accuracy,accuracy,0.75,False,locally_scored,1.0,,,results/eval/chinese_pipeline/hf_nk_babylm_zho_qwen2_bpe/main/zero_shot/causal/zhoblimp/zhoblimp/best_temperature_report.txt
hf_nk_babylm_zho_qwen2_bpe,Qwen2 BPE,Qwen2,BPE,Chinese zero-shot,zhoblimp,question_daodi_nandao_A_not_A_intran,uid_accuracy,accuracy,0.0433,False,locally_scored,1.0,,,results/eval/chinese_pipeline/hf_nk_babylm_zho_qwen2_bpe/main/zero_shot/causal/zhoblimp/zhoblimp/best_temperature_report.txt
hf_nk_babylm_zho_qwen2_bpe,Qwen2 BPE,Qwen2,BPE,Chinese zero-shot,zhoblimp,PN_numP_a,uid_accuracy,accuracy,0.7033,False,locally_scored,1.0,,,results/eval/chinese_pipeline/hf_nk_babylm_zho_qwen2_bpe/main/zero_shot/causal/zhoblimp/zhoblimp/best_temperature_report.txt
hf_nk_babylm_zho_qwen2_bpe,Qwen2 BPE,Qwen2,BPE,Chinese zero-shot,zhoblimp,adjective_transitive_dui,uid_accuracy,accuracy,0.5867,False,locally_scored,1.0,,,results/eval/chinese_pipeline/hf_nk_babylm_zho_qwen2_bpe/main/zero_shot/causal/zhoblimp/zhoblimp/best_temperature_report.txt
hf_nk_babylm_zho_qwen2_bpe,Qwen2 BPE,Qwen2,BPE,Chinese zero-shot,zhoblimp,BA_duplicate_argument,uid_accuracy,accuracy,1.0,False,locally_scored,1.0,,,results/eval/chinese_pipeline/hf_nk_babylm_zho_qwen2_bpe/main/zero_shot/causal/zhoblimp/zhoblimp/best_temperature_report.txt
hf_nk_babylm_zho_qwen2_bpe,Qwen2 BPE,Qwen2,BPE,Chinese zero-shot,zhoblimp,agent_animacy_subj,uid_accuracy,accuracy,0.47,False,locally_scored,1.0,,,results/eval/chinese_pipeline/hf_nk_babylm_zho_qwen2_bpe/main/zero_shot/causal/zhoblimp/zhoblimp/best_temperature_report.txt
hf_nk_babylm_zho_qwen2_bpe,Qwen2 BPE,Qwen2,BPE,Chinese zero-shot,zhoblimp,topicalization_OSV_mei,uid_accuracy,accuracy,0.88,False,locally_scored,1.0,,,results/eval/chinese_pipeline/hf_nk_babylm_zho_qwen2_bpe/main/zero_shot/causal/zhoblimp/zhoblimp/best_temperature_report.txt
hf_nk_babylm_zho_qwen2_bpe,Qwen2 BPE,Qwen2,BPE,Chinese zero-shot,zhoblimp,fci_renhe_subj,uid_accuracy,accuracy,0.0067,False,locally_scored,1.0,,,results/eval/chinese_pipeline/hf_nk_babylm_zho_qwen2_bpe/main/zero_shot/causal/zhoblimp/zhoblimp/best_temperature_report.txt
hf_nk_babylm_zho_qwen2_bpe,Qwen2 BPE,Qwen2,BPE,Chinese zero-shot,zhoblimp,BA_negation,uid_accuracy,accuracy,0.6067,False,locally_scored,1.0,,,results/eval/chinese_pipeline/hf_nk_babylm_zho_qwen2_bpe/main/zero_shot/causal/zhoblimp/zhoblimp/best_temperature_report.txt
hf_nk_babylm_zho_qwen2_bpe,Qwen2 BPE,Qwen2,BPE,Chinese zero-shot,zhoblimp,intransitive_no_obj,uid_accuracy,accuracy,0.5733,False,locally_scored,1.0,,,results/eval/chinese_pipeline/hf_nk_babylm_zho_qwen2_bpe/main/zero_shot/causal/zhoblimp/zhoblimp/best_temperature_report.txt
hf_nk_babylm_zho_qwen2_bpe,Qwen2 BPE,Qwen2,BPE,Chinese zero-shot,zhoblimp,question_V_not_VP_1,uid_accuracy,accuracy,0.07,False,locally_scored,1.0,,,results/eval/chinese_pipeline/hf_nk_babylm_zho_qwen2_bpe/main/zero_shot/causal/zhoblimp/zhoblimp/best_temperature_report.txt
hf_nk_babylm_zho_qwen2_bpe,Qwen2 BPE,Qwen2,BPE,Chinese zero-shot,zhoblimp,renhe_non_factive_verb,uid_accuracy,accuracy,0.54,False,locally_scored,1.0,,,results/eval/chinese_pipeline/hf_nk_babylm_zho_qwen2_bpe/main/zero_shot/causal/zhoblimp/zhoblimp/best_temperature_report.txt
hf_nk_babylm_zho_qwen2_bpe,Qwen2 BPE,Qwen2,BPE,Chinese zero-shot,zhoblimp,question_A_not_A_daodi_b,uid_accuracy,accuracy,0.8067,False,locally_scored,1.0,,,results/eval/chinese_pipeline/hf_nk_babylm_zho_qwen2_bpe/main/zero_shot/causal/zhoblimp/zhoblimp/best_temperature_report.txt
hf_nk_babylm_zho_qwen2_bpe,Qwen2 BPE,Qwen2,BPE,Chinese zero-shot,zhoblimp,question_V_not_VP_2,uid_accuracy,accuracy,0.1533,False,locally_scored,1.0,,,results/eval/chinese_pipeline/hf_nk_babylm_zho_qwen2_bpe/main/zero_shot/causal/zhoblimp/zhoblimp/best_temperature_report.txt
hf_nk_babylm_zho_qwen2_bpe,Qwen2 BPE,Qwen2,BPE,Chinese zero-shot,zhoblimp,PN_numP_b,uid_accuracy,accuracy,0.1,False,locally_scored,1.0,,,results/eval/chinese_pipeline/hf_nk_babylm_zho_qwen2_bpe/main/zero_shot/causal/zhoblimp/zhoblimp/best_temperature_report.txt
hf_nk_babylm_zho_qwen2_bpe,Qwen2 BPE,Qwen2,BPE,Chinese zero-shot,zhoblimp,principle_A_domain,uid_accuracy,accuracy,0.9967,False,locally_scored,1.0,,,results/eval/chinese_pipeline/hf_nk_babylm_zho_qwen2_bpe/main/zero_shot/causal/zhoblimp/zhoblimp/best_temperature_report.txt
hf_nk_babylm_zho_qwen2_bpe,Qwen2 BPE,Qwen2,BPE,Chinese zero-shot,zhoblimp,agent_deletion,uid_accuracy,accuracy,0.2733,False,locally_scored,1.0,,,results/eval/chinese_pipeline/hf_nk_babylm_zho_qwen2_bpe/main/zero_shot/causal/zhoblimp/zhoblimp/best_temperature_report.txt
hf_nk_babylm_zho_qwen2_bpe,Qwen2 BPE,Qwen2,BPE,Chinese zero-shot,zhoblimp,preposition_deletion,uid_accuracy,accuracy,0.4733,False,locally_scored,1.0,,,results/eval/chinese_pipeline/hf_nk_babylm_zho_qwen2_bpe/main/zero_shot/causal/zhoblimp/zhoblimp/best_temperature_report.txt
hf_nk_babylm_zho_qwen2_bpe,Qwen2 BPE,Qwen2,BPE,Chinese zero-shot,zhoblimp,nominal_definite_men,uid_accuracy,accuracy,0.9933,False,locally_scored,1.0,,,results/eval/chinese_pipeline/hf_nk_babylm_zho_qwen2_bpe/main/zero_shot/causal/zhoblimp/zhoblimp/best_temperature_report.txt
hf_nk_babylm_zho_qwen2_bpe,Qwen2 BPE,Qwen2,BPE,Chinese zero-shot,zhoblimp,relativization_movement_no_gap,uid_accuracy,accuracy,0.9567,False,locally_scored,1.0,,,results/eval/chinese_pipeline/hf_nk_babylm_zho_qwen2_bpe/main/zero_shot/causal/zhoblimp/zhoblimp/best_temperature_report.txt
hf_nk_babylm_zho_qwen2_bpe,Qwen2 BPE,Qwen2,BPE,Chinese zero-shot,zhoblimp,question_A_not_A_daodi_a,uid_accuracy,accuracy,0.81,False,locally_scored,1.0,,,results/eval/chinese_pipeline/hf_nk_babylm_zho_qwen2_bpe/main/zero_shot/causal/zhoblimp/zhoblimp/best_temperature_report.txt
hf_nk_babylm_zho_qwen2_bpe,Qwen2 BPE,Qwen2,BPE,Chinese zero-shot,zhoblimp,verb_phrase_left_negation,uid_accuracy,accuracy,0.6833,False,locally_scored,1.0,,,results/eval/chinese_pipeline/hf_nk_babylm_zho_qwen2_bpe/main/zero_shot/causal/zhoblimp/zhoblimp/best_temperature_report.txt
hf_nk_babylm_zho_qwen2_bpe,Qwen2 BPE,Qwen2,BPE,Chinese zero-shot,zhoblimp,question_nandao_scope_1,uid_accuracy,accuracy,0.8967,False,locally_scored,1.0,,,results/eval/chinese_pipeline/hf_nk_babylm_zho_qwen2_bpe/main/zero_shot/causal/zhoblimp/zhoblimp/best_temperature_report.txt
hf_nk_babylm_zho_qwen2_bpe,Qwen2 BPE,Qwen2,BPE,Chinese zero-shot,zhoblimp,classifier_noun_subj,uid_accuracy,accuracy,0.76,False,locally_scored,1.0,,,results/eval/chinese_pipeline/hf_nk_babylm_zho_qwen2_bpe/main/zero_shot/causal/zhoblimp/zhoblimp/best_temperature_report.txt
hf_nk_babylm_zho_qwen2_bpe,Qwen2 BPE,Qwen2,BPE,Chinese zero-shot,zhoblimp,existential_there_subject_raising,uid_accuracy,accuracy,0.6367,False,locally_scored,1.0,,,results/eval/chinese_pipeline/hf_nk_babylm_zho_qwen2_bpe/main/zero_shot/causal/zhoblimp/zhoblimp/best_temperature_report.txt
hf_nk_babylm_zho_qwen2_bpe,Qwen2 BPE,Qwen2,BPE,Chinese zero-shot,zhoblimp,passive_agent_deletion_long_right_b,uid_accuracy,accuracy,0.0,False,locally_scored,1.0,,,results/eval/chinese_pipeline/hf_nk_babylm_zho_qwen2_bpe/main/zero_shot/causal/zhoblimp/zhoblimp/best_temperature_report.txt
hf_nk_babylm_zho_qwen2_bpe,Qwen2 BPE,Qwen2,BPE,Chinese zero-shot,zhoblimp,BA_suo_adverbial_a,uid_accuracy,accuracy,1.0,False,locally_scored,1.0,,,results/eval/chinese_pipeline/hf_nk_babylm_zho_qwen2_bpe/main/zero_shot/causal/zhoblimp/zhoblimp/best_temperature_report.txt
hf_nk_babylm_zho_qwen2_bpe,Qwen2 BPE,Qwen2,BPE,Chinese zero-shot,zhoblimp,agent_causative,uid_accuracy,accuracy,0.6567000000000001,False,locally_scored,1.0,,,results/eval/chinese_pipeline/hf_nk_babylm_zho_qwen2_bpe/main/zero_shot/causal/zhoblimp/zhoblimp/best_temperature_report.txt
hf_nk_babylm_zho_qwen2_bpe,Qwen2 BPE,Qwen2,BPE,Chinese zero-shot,zhoblimp,left_adverbial_e,uid_accuracy,accuracy,0.69,False,locally_scored,1.0,,,results/eval/chinese_pipeline/hf_nk_babylm_zho_qwen2_bpe/main/zero_shot/causal/zhoblimp/zhoblimp/best_temperature_report.txt
hf_nk_babylm_zho_qwen2_bpe,Qwen2 BPE,Qwen2,BPE,Chinese zero-shot,zhoblimp,causative_shi_ba,uid_accuracy,accuracy,0.34,False,locally_scored,1.0,,,results/eval/chinese_pipeline/hf_nk_babylm_zho_qwen2_bpe/main/zero_shot/causal/zhoblimp/zhoblimp/best_temperature_report.txt
hf_nk_babylm_zho_qwen2_bpe,Qwen2 BPE,Qwen2,BPE,Chinese zero-shot,zhoblimp,fci_renhe_ruguo,uid_accuracy,accuracy,0.9867,False,locally_scored,1.0,,,results/eval/chinese_pipeline/hf_nk_babylm_zho_qwen2_bpe/main/zero_shot/causal/zhoblimp/zhoblimp/best_temperature_report.txt
hf_nk_babylm_zho_qwen2_bpe,Qwen2 BPE,Qwen2,BPE,Chinese zero-shot,zhoblimp,question_A_not_A,uid_accuracy,accuracy,0.9267,False,locally_scored,1.0,,,results/eval/chinese_pipeline/hf_nk_babylm_zho_qwen2_bpe/main/zero_shot/causal/zhoblimp/zhoblimp/best_temperature_report.txt
hf_nk_babylm_zho_qwen2_bpe,Qwen2 BPE,Qwen2,BPE,Chinese zero-shot,zhoblimp,left_adverbial_b,uid_accuracy,accuracy,0.7132999999999999,False,locally_scored,1.0,,,results/eval/chinese_pipeline/hf_nk_babylm_zho_qwen2_bpe/main/zero_shot/causal/zhoblimp/zhoblimp/best_temperature_report.txt
hf_nk_babylm_zho_qwen2_bpe,Qwen2 BPE,Qwen2,BPE,Chinese zero-shot,zhoblimp,question_nandao_raising_1_b,uid_accuracy,accuracy,0.9967,False,locally_scored,1.0,,,results/eval/chinese_pipeline/hf_nk_babylm_zho_qwen2_bpe/main/zero_shot/causal/zhoblimp/zhoblimp/best_temperature_report.txt
hf_nk_babylm_zho_qwen2_bpe,Qwen2 BPE,Qwen2,BPE,Chinese zero-shot,zhoblimp,fci_renhe_dou,uid_accuracy,accuracy,0.3,False,locally_scored,1.0,,,results/eval/chinese_pipeline/hf_nk_babylm_zho_qwen2_bpe/main/zero_shot/causal/zhoblimp/zhoblimp/best_temperature_report.txt
hf_nk_babylm_zho_qwen2_bpe,Qwen2 BPE,Qwen2,BPE,Chinese zero-shot,zhoblimp,question_daodi_nandao_A_not_A_tran,uid_accuracy,accuracy,0.0867,False,locally_scored,1.0,,,results/eval/chinese_pipeline/hf_nk_babylm_zho_qwen2_bpe/main/zero_shot/causal/zhoblimp/zhoblimp/best_temperature_report.txt
hf_nk_babylm_zho_qwen2_bpe,Qwen2 BPE,Qwen2,BPE,Chinese zero-shot,zhoblimp,topicalization_OSV,uid_accuracy,accuracy,0.7967,False,locally_scored,1.0,,,results/eval/chinese_pipeline/hf_nk_babylm_zho_qwen2_bpe/main/zero_shot/causal/zhoblimp/zhoblimp/best_temperature_report.txt
hf_nk_babylm_zho_qwen2_bpe,Qwen2 BPE,Qwen2,BPE,Chinese zero-shot,zhoblimp,npi_renhe_wh_question_subj,uid_accuracy,accuracy,0.8033,False,locally_scored,1.0,,,results/eval/chinese_pipeline/hf_nk_babylm_zho_qwen2_bpe/main/zero_shot/causal/zhoblimp/zhoblimp/best_temperature_report.txt
hf_nk_babylm_zho_qwen2_bpe,Qwen2 BPE,Qwen2,BPE,Chinese zero-shot,zhoblimp,passive_agent_deletion_long_left,uid_accuracy,accuracy,0.0733,False,locally_scored,1.0,,,results/eval/chinese_pipeline/hf_nk_babylm_zho_qwen2_bpe/main/zero_shot/causal/zhoblimp/zhoblimp/best_temperature_report.txt
hf_nk_babylm_zho_qwen2_bpe,Qwen2 BPE,Qwen2,BPE,Chinese zero-shot,zhoblimp,question_particle_nandao,uid_accuracy,accuracy,1.0,False,locally_scored,1.0,,,results/eval/chinese_pipeline/hf_nk_babylm_zho_qwen2_bpe/main/zero_shot/causal/zhoblimp/zhoblimp/best_temperature_report.txt
hf_nk_babylm_zho_qwen2_bpe,Qwen2 BPE,Qwen2,BPE,Chinese zero-shot,zhoblimp,nominal_modal_insertion,uid_accuracy,accuracy,0.6167,False,locally_scored,1.0,,,results/eval/chinese_pipeline/hf_nk_babylm_zho_qwen2_bpe/main/zero_shot/causal/zhoblimp/zhoblimp/best_temperature_report.txt
hf_nk_babylm_zho_qwen2_bpe,Qwen2 BPE,Qwen2,BPE,Chinese zero-shot,zhoblimp,BA_deletion,uid_accuracy,accuracy,0.6833,False,locally_scored,1.0,,,results/eval/chinese_pipeline/hf_nk_babylm_zho_qwen2_bpe/main/zero_shot/causal/zhoblimp/zhoblimp/best_temperature_report.txt
hf_nk_babylm_zho_qwen2_bpe,Qwen2 BPE,Qwen2,BPE,Chinese zero-shot,zhoblimp,singular_PN_but_plural_pron,uid_accuracy,accuracy,0.01,False,locally_scored,1.0,,,results/eval/chinese_pipeline/hf_nk_babylm_zho_qwen2_bpe/main/zero_shot/causal/zhoblimp/zhoblimp/best_temperature_report.txt
hf_nk_babylm_zho_qwen2_bpe,Qwen2 BPE,Qwen2,BPE,Chinese zero-shot,zhoblimp,BEI_deletion,uid_accuracy,accuracy,0.38670000000000004,False,locally_scored,1.0,,,results/eval/chinese_pipeline/hf_nk_babylm_zho_qwen2_bpe/main/zero_shot/causal/zhoblimp/zhoblimp/best_temperature_report.txt
hf_nk_babylm_zho_qwen2_bpe,Qwen2 BPE,Qwen2,BPE,Chinese zero-shot,zhoblimp,verb_phrase_left_adverbial,uid_accuracy,accuracy,0.72,False,locally_scored,1.0,,,results/eval/chinese_pipeline/hf_nk_babylm_zho_qwen2_bpe/main/zero_shot/causal/zhoblimp/zhoblimp/best_temperature_report.txt
hf_nk_babylm_zho_qwen2_bpe,Qwen2 BPE,Qwen2,BPE,Chinese zero-shot,zhoblimp,ya_insertion,uid_accuracy,accuracy,0.79,False,locally_scored,1.0,,,results/eval/chinese_pipeline/hf_nk_babylm_zho_qwen2_bpe/main/zero_shot/causal/zhoblimp/zhoblimp/best_temperature_report.txt
hf_nk_babylm_zho_qwen2_bpe,Qwen2 BPE,Qwen2,BPE,Chinese zero-shot,zhoblimp,classifier_noun_agreement_no_gap,uid_accuracy,accuracy,0.4767,False,locally_scored,1.0,,,results/eval/chinese_pipeline/hf_nk_babylm_zho_qwen2_bpe/main/zero_shot/causal/zhoblimp/zhoblimp/best_temperature_report.txt
hf_nk_babylm_zho_qwen2_bpe,Qwen2 BPE,Qwen2,BPE,Chinese zero-shot,zhoblimp,noun_adjective_shi,uid_accuracy,accuracy,0.6867,False,locally_scored,1.0,,,results/eval/chinese_pipeline/hf_nk_babylm_zho_qwen2_bpe/main/zero_shot/causal/zhoblimp/zhoblimp/best_temperature_report.txt
hf_nk_babylm_zho_qwen2_bpe,Qwen2 BPE,Qwen2,BPE,Chinese zero-shot,zhoblimp,BA_meiba,uid_accuracy,accuracy,1.0,False,locally_scored,1.0,,,results/eval/chinese_pipeline/hf_nk_babylm_zho_qwen2_bpe/main/zero_shot/causal/zhoblimp/zhoblimp/best_temperature_report.txt
hf_nk_babylm_zho_qwen2_bpe,Qwen2 BPE,Qwen2,BPE,Chinese zero-shot,zhoblimp,question_nandao_raising_3,uid_accuracy,accuracy,0.5533,False,locally_scored,1.0,,,results/eval/chinese_pipeline/hf_nk_babylm_zho_qwen2_bpe/main/zero_shot/causal/zhoblimp/zhoblimp/best_temperature_report.txt
hf_nk_babylm_zho_qwen2_bpe,Qwen2 BPE,Qwen2,BPE,Chinese zero-shot,zhoblimp,relative_operator_intepretation,uid_accuracy,accuracy,0.0067,False,locally_scored,1.0,,,results/eval/chinese_pipeline/hf_nk_babylm_zho_qwen2_bpe/main/zero_shot/causal/zhoblimp/zhoblimp/best_temperature_report.txt
hf_nk_babylm_zho_qwen2_bpe,Qwen2 BPE,Qwen2,BPE,Chinese zero-shot,zhoblimp,topicalization_SOV_mei,uid_accuracy,accuracy,0.82,False,locally_scored,1.0,,,results/eval/chinese_pipeline/hf_nk_babylm_zho_qwen2_bpe/main/zero_shot/causal/zhoblimp/zhoblimp/best_temperature_report.txt
hf_nk_babylm_zho_qwen2_bpe,Qwen2 BPE,Qwen2,BPE,Chinese zero-shot,zhoblimp,npi_renhe_conditional,uid_accuracy,accuracy,1.0,False,locally_scored,1.0,,,results/eval/chinese_pipeline/hf_nk_babylm_zho_qwen2_bpe/main/zero_shot/causal/zhoblimp/zhoblimp/best_temperature_report.txt
hf_nk_babylm_zho_qwen2_bpe,Qwen2 BPE,Qwen2,BPE,Chinese zero-shot,zhoblimp,topicalization_SOV,uid_accuracy,accuracy,0.7633,False,locally_scored,1.0,,,results/eval/chinese_pipeline/hf_nk_babylm_zho_qwen2_bpe/main/zero_shot/causal/zhoblimp/zhoblimp/best_temperature_report.txt
hf_nk_babylm_zho_qwen2_bpe,Qwen2 BPE,Qwen2,BPE,Chinese zero-shot,zhoblimp,BA_verb_le_a,uid_accuracy,accuracy,0.9967,False,locally_scored,1.0,,,results/eval/chinese_pipeline/hf_nk_babylm_zho_qwen2_bpe/main/zero_shot/causal/zhoblimp/zhoblimp/best_temperature_report.txt
hf_nk_babylm_zho_qwen2_bpe,Qwen2 BPE,Qwen2,BPE,Chinese zero-shot,zhoblimp,superlative_quantifiers_1,uid_accuracy,accuracy,0.0167,False,locally_scored,1.0,,,results/eval/chinese_pipeline/hf_nk_babylm_zho_qwen2_bpe/main/zero_shot/causal/zhoblimp/zhoblimp/best_temperature_report.txt
hf_nk_babylm_zho_qwen2_bpe,Qwen2 BPE,Qwen2,BPE,Chinese zero-shot,zhoblimp,BA_no_stative_verb,uid_accuracy,accuracy,0.8332999999999999,False,locally_scored,1.0,,,results/eval/chinese_pipeline/hf_nk_babylm_zho_qwen2_bpe/main/zero_shot/causal/zhoblimp/zhoblimp/best_temperature_report.txt
hf_nk_babylm_zho_qwen2_bpe,Qwen2 BPE,Qwen2,BPE,Chinese zero-shot,zhoblimp,ellipsis_double_object,uid_accuracy,accuracy,0.89,False,locally_scored,1.0,,,results/eval/chinese_pipeline/hf_nk_babylm_zho_qwen2_bpe/main/zero_shot/causal/zhoblimp/zhoblimp/best_temperature_report.txt
hf_nk_babylm_zho_qwen2_bpe,Qwen2 BPE,Qwen2,BPE,Chinese zero-shot,zhoblimp,noun_phrase_conjunction_jian,uid_accuracy,accuracy,0.8633,False,locally_scored,1.0,,,results/eval/chinese_pipeline/hf_nk_babylm_zho_qwen2_bpe/main/zero_shot/causal/zhoblimp/zhoblimp/best_temperature_report.txt
hf_nk_babylm_zho_qwen2_bpe,Qwen2 BPE,Qwen2,BPE,Chinese zero-shot,zhoblimp,BA_no_progressive,uid_accuracy,accuracy,0.2167,False,locally_scored,1.0,,,results/eval/chinese_pipeline/hf_nk_babylm_zho_qwen2_bpe/main/zero_shot/causal/zhoblimp/zhoblimp/best_temperature_report.txt
hf_nk_babylm_zho_qwen2_bpe,Qwen2 BPE,Qwen2,BPE,Chinese zero-shot,zhoblimp,left_dou,uid_accuracy,accuracy,0.96,False,locally_scored,1.0,,,results/eval/chinese_pipeline/hf_nk_babylm_zho_qwen2_bpe/main/zero_shot/causal/zhoblimp/zhoblimp/best_temperature_report.txt
hf_nk_babylm_zho_qwen2_bpe,Qwen2 BPE,Qwen2,BPE,Chinese zero-shot,zhoblimp,principle_A_c_command_number,uid_accuracy,accuracy,0.0,False,locally_scored,1.0,,,results/eval/chinese_pipeline/hf_nk_babylm_zho_qwen2_bpe/main/zero_shot/causal/zhoblimp/zhoblimp/best_temperature_report.txt
hf_nk_babylm_zho_qwen2_bpe,Qwen2 BPE,Qwen2,BPE,Chinese zero-shot,zhoblimp,passive_agent_deletion_long_right_a,uid_accuracy,accuracy,0.13,False,locally_scored,1.0,,,results/eval/chinese_pipeline/hf_nk_babylm_zho_qwen2_bpe/main/zero_shot/causal/zhoblimp/zhoblimp/best_temperature_report.txt
hf_nk_babylm_zho_qwen2_bpe,Qwen2 BPE,Qwen2,BPE,Chinese zero-shot,zhoblimp,passive_intransitive,uid_accuracy,accuracy,0.5,False,locally_scored,1.0,,,results/eval/chinese_pipeline/hf_nk_babylm_zho_qwen2_bpe/main/zero_shot/causal/zhoblimp/zhoblimp/best_temperature_report.txt
hf_nk_babylm_zho_qwen2_bpe,Qwen2 BPE,Qwen2,BPE,Chinese zero-shot,zhoblimp,BA,linguistics_term_accuracy,accuracy,0.7359,False,locally_scored,1.0,,,results/eval/chinese_pipeline/hf_nk_babylm_zho_qwen2_bpe/main/zero_shot/causal/zhoblimp/zhoblimp/best_temperature_report.txt
hf_nk_babylm_zho_qwen2_bpe,Qwen2 BPE,Qwen2,BPE,Chinese zero-shot,zhoblimp,nominal_expression,linguistics_term_accuracy,accuracy,0.7142000000000001,False,locally_scored,1.0,,,results/eval/chinese_pipeline/hf_nk_babylm_zho_qwen2_bpe/main/zero_shot/causal/zhoblimp/zhoblimp/best_temperature_report.txt
hf_nk_babylm_zho_qwen2_bpe,Qwen2 BPE,Qwen2,BPE,Chinese zero-shot,zhoblimp,question,linguistics_term_accuracy,accuracy,0.6262,False,locally_scored,1.0,,,results/eval/chinese_pipeline/hf_nk_babylm_zho_qwen2_bpe/main/zero_shot/causal/zhoblimp/zhoblimp/best_temperature_report.txt
hf_nk_babylm_zho_qwen2_bpe,Qwen2 BPE,Qwen2,BPE,Chinese zero-shot,zhoblimp,control_raising,linguistics_term_accuracy,accuracy,0.695,False,locally_scored,1.0,,,results/eval/chinese_pipeline/hf_nk_babylm_zho_qwen2_bpe/main/zero_shot/causal/zhoblimp/zhoblimp/best_temperature_report.txt
hf_nk_babylm_zho_qwen2_bpe,Qwen2 BPE,Qwen2,BPE,Chinese zero-shot,zhoblimp,passive,linguistics_term_accuracy,accuracy,0.43920000000000003,False,locally_scored,1.0,,,results/eval/chinese_pipeline/hf_nk_babylm_zho_qwen2_bpe/main/zero_shot/causal/zhoblimp/zhoblimp/best_temperature_report.txt
hf_nk_babylm_zho_qwen2_bpe,Qwen2 BPE,Qwen2,BPE,Chinese zero-shot,zhoblimp,relativization,linguistics_term_accuracy,accuracy,0.7208,False,locally_scored,1.0,,,results/eval/chinese_pipeline/hf_nk_babylm_zho_qwen2_bpe/main/zero_shot/causal/zhoblimp/zhoblimp/best_temperature_report.txt
hf_nk_babylm_zho_qwen2_bpe,Qwen2 BPE,Qwen2,BPE,Chinese zero-shot,zhoblimp,ellipsis,linguistics_term_accuracy,accuracy,0.6978,False,locally_scored,1.0,,,results/eval/chinese_pipeline/hf_nk_babylm_zho_qwen2_bpe/main/zero_shot/causal/zhoblimp/zhoblimp/best_temperature_report.txt
hf_nk_babylm_zho_qwen2_bpe,Qwen2 BPE,Qwen2,BPE,Chinese zero-shot,zhoblimp,classifier,linguistics_term_accuracy,accuracy,0.6043999999999999,False,locally_scored,1.0,,,results/eval/chinese_pipeline/hf_nk_babylm_zho_qwen2_bpe/main/zero_shot/causal/zhoblimp/zhoblimp/best_temperature_report.txt
hf_nk_babylm_zho_qwen2_bpe,Qwen2 BPE,Qwen2,BPE,Chinese zero-shot,zhoblimp,verb_phrase,linguistics_term_accuracy,accuracy,0.6612,False,locally_scored,1.0,,,results/eval/chinese_pipeline/hf_nk_babylm_zho_qwen2_bpe/main/zero_shot/causal/zhoblimp/zhoblimp/best_temperature_report.txt
hf_nk_babylm_zho_qwen2_bpe,Qwen2 BPE,Qwen2,BPE,Chinese zero-shot,zhoblimp,npi_licensing,linguistics_term_accuracy,accuracy,0.6011,False,locally_scored,1.0,,,results/eval/chinese_pipeline/hf_nk_babylm_zho_qwen2_bpe/main/zero_shot/causal/zhoblimp/zhoblimp/best_temperature_report.txt
hf_nk_babylm_zho_qwen2_bpe,Qwen2 BPE,Qwen2,BPE,Chinese zero-shot,zhoblimp,anaphor,linguistics_term_accuracy,accuracy,0.5767,False,locally_scored,1.0,,,results/eval/chinese_pipeline/hf_nk_babylm_zho_qwen2_bpe/main/zero_shot/causal/zhoblimp/zhoblimp/best_temperature_report.txt
hf_nk_babylm_zho_qwen2_bpe,Qwen2 BPE,Qwen2,BPE,Chinese zero-shot,zhoblimp,fci_licensing,linguistics_term_accuracy,accuracy,0.4587,False,locally_scored,1.0,,,results/eval/chinese_pipeline/hf_nk_babylm_zho_qwen2_bpe/main/zero_shot/causal/zhoblimp/zhoblimp/best_temperature_report.txt
hf_nk_babylm_zho_qwen2_bpe,Qwen2 BPE,Qwen2,BPE,Chinese zero-shot,zhoblimp,quantifiers,linguistics_term_accuracy,accuracy,0.5083,False,locally_scored,1.0,,,results/eval/chinese_pipeline/hf_nk_babylm_zho_qwen2_bpe/main/zero_shot/causal/zhoblimp/zhoblimp/best_temperature_report.txt
hf_nk_babylm_zho_qwen2_bpe,Qwen2 BPE,Qwen2,BPE,Chinese zero-shot,zhoblimp,argument_structure,linguistics_term_accuracy,accuracy,0.4867,False,locally_scored,1.0,,,results/eval/chinese_pipeline/hf_nk_babylm_zho_qwen2_bpe/main/zero_shot/causal/zhoblimp/zhoblimp/best_temperature_report.txt
hf_nk_babylm_zho_qwen2_bpe,Qwen2 BPE,Qwen2,BPE,Chinese zero-shot,zhoblimp,topicalization,linguistics_term_accuracy,accuracy,0.815,False,locally_scored,1.0,,,results/eval/chinese_pipeline/hf_nk_babylm_zho_qwen2_bpe/main/zero_shot/causal/zhoblimp/zhoblimp/best_temperature_report.txt
hf_nk_babylm_zho_qwen2_bpe,Qwen2 BPE,Qwen2,BPE,Chinese zero-shot,zhoblimp,aggregate,average_accuracy,accuracy,0.623,True,locally_scored,1.0,,,results/eval/chinese_pipeline/hf_nk_babylm_zho_qwen2_bpe/main/zero_shot/causal/zhoblimp/zhoblimp/best_temperature_report.txt
hf_nk_babylm_zho_qwen2_bpe,Qwen2 BPE,Qwen2,BPE,Chinese zero-shot,hanzi_structure,bw,field_accuracy,accuracy,0.5476,False,locally_scored,1.0,,,results/eval/chinese_pipeline/hf_nk_babylm_zho_qwen2_bpe/main/zero_shot/causal/hanzi_structure/hanzi_structure/best_temperature_report.txt
hf_nk_babylm_zho_qwen2_bpe,Qwen2 BPE,Qwen2,BPE,Chinese zero-shot,hanzi_structure,sx,field_accuracy,accuracy,0.5494,False,locally_scored,1.0,,,results/eval/chinese_pipeline/hf_nk_babylm_zho_qwen2_bpe/main/zero_shot/causal/hanzi_structure/hanzi_structure/best_temperature_report.txt
hf_nk_babylm_zho_qwen2_bpe,Qwen2 BPE,Qwen2,BPE,Chinese zero-shot,hanzi_structure,szx,field_accuracy,accuracy,0.5088,False,locally_scored,1.0,,,results/eval/chinese_pipeline/hf_nk_babylm_zho_qwen2_bpe/main/zero_shot/causal/hanzi_structure/hanzi_structure/best_temperature_report.txt
hf_nk_babylm_zho_qwen2_bpe,Qwen2 BPE,Qwen2,BPE,Chinese zero-shot,hanzi_structure,zy,field_accuracy,accuracy,0.5801,False,locally_scored,1.0,,,results/eval/chinese_pipeline/hf_nk_babylm_zho_qwen2_bpe/main/zero_shot/causal/hanzi_structure/hanzi_structure/best_temperature_report.txt
hf_nk_babylm_zho_qwen2_bpe,Qwen2 BPE,Qwen2,BPE,Chinese zero-shot,hanzi_structure,zzy,field_accuracy,accuracy,0.5783,False,locally_scored,1.0,,,results/eval/chinese_pipeline/hf_nk_babylm_zho_qwen2_bpe/main/zero_shot/causal/hanzi_structure/hanzi_structure/best_temperature_report.txt
hf_nk_babylm_zho_qwen2_bpe,Qwen2 BPE,Qwen2,BPE,Chinese zero-shot,hanzi_structure,component2whole,uid_accuracy,accuracy,0.603,False,locally_scored,1.0,,,results/eval/chinese_pipeline/hf_nk_babylm_zho_qwen2_bpe/main/zero_shot/causal/hanzi_structure/hanzi_structure/best_temperature_report.txt
hf_nk_babylm_zho_qwen2_bpe,Qwen2 BPE,Qwen2,BPE,Chinese zero-shot,hanzi_structure,whole2component,uid_accuracy,accuracy,0.521,False,locally_scored,1.0,,,results/eval/chinese_pipeline/hf_nk_babylm_zho_qwen2_bpe/main/zero_shot/causal/hanzi_structure/hanzi_structure/best_temperature_report.txt
hf_nk_babylm_zho_qwen2_bpe,Qwen2 BPE,Qwen2,BPE,Chinese zero-shot,hanzi_structure,bw,linguistics_term_accuracy,accuracy,0.5476,False,locally_scored,1.0,,,results/eval/chinese_pipeline/hf_nk_babylm_zho_qwen2_bpe/main/zero_shot/causal/hanzi_structure/hanzi_structure/best_temperature_report.txt
hf_nk_babylm_zho_qwen2_bpe,Qwen2 BPE,Qwen2,BPE,Chinese zero-shot,hanzi_structure,sx,linguistics_term_accuracy,accuracy,0.5494,False,locally_scored,1.0,,,results/eval/chinese_pipeline/hf_nk_babylm_zho_qwen2_bpe/main/zero_shot/causal/hanzi_structure/hanzi_structure/best_temperature_report.txt
hf_nk_babylm_zho_qwen2_bpe,Qwen2 BPE,Qwen2,BPE,Chinese zero-shot,hanzi_structure,szx,linguistics_term_accuracy,accuracy,0.5088,False,locally_scored,1.0,,,results/eval/chinese_pipeline/hf_nk_babylm_zho_qwen2_bpe/main/zero_shot/causal/hanzi_structure/hanzi_structure/best_temperature_report.txt
hf_nk_babylm_zho_qwen2_bpe,Qwen2 BPE,Qwen2,BPE,Chinese zero-shot,hanzi_structure,zy,linguistics_term_accuracy,accuracy,0.5801,False,locally_scored,1.0,,,results/eval/chinese_pipeline/hf_nk_babylm_zho_qwen2_bpe/main/zero_shot/causal/hanzi_structure/hanzi_structure/best_temperature_report.txt
hf_nk_babylm_zho_qwen2_bpe,Qwen2 BPE,Qwen2,BPE,Chinese zero-shot,hanzi_structure,zzy,linguistics_term_accuracy,accuracy,0.5783,False,locally_scored,1.0,,,results/eval/chinese_pipeline/hf_nk_babylm_zho_qwen2_bpe/main/zero_shot/causal/hanzi_structure/hanzi_structure/best_temperature_report.txt
hf_nk_babylm_zho_qwen2_bpe,Qwen2 BPE,Qwen2,BPE,Chinese zero-shot,hanzi_structure,aggregate,average_accuracy,accuracy,0.562,True,locally_scored,1.0,,,results/eval/chinese_pipeline/hf_nk_babylm_zho_qwen2_bpe/main/zero_shot/causal/hanzi_structure/hanzi_structure/best_temperature_report.txt
hf_nk_babylm_zho_qwen2_bpe,Qwen2 BPE,Qwen2,BPE,Chinese zero-shot,hanzi_pinyin,class1_disjoint_freqgap_balanced,field_accuracy,accuracy,0.754,False,locally_scored,1.0,,,results/eval/chinese_pipeline/hf_nk_babylm_zho_qwen2_bpe/main/zero_shot/causal/hanzi_pinyin/hanzi_pinyin/best_temperature_report.txt
hf_nk_babylm_zho_qwen2_bpe,Qwen2 BPE,Qwen2,BPE,Chinese zero-shot,hanzi_pinyin,class1_initial_diff_freqgap_balanced,field_accuracy,accuracy,0.754,False,locally_scored,1.0,,,results/eval/chinese_pipeline/hf_nk_babylm_zho_qwen2_bpe/main/zero_shot/causal/hanzi_pinyin/hanzi_pinyin/best_temperature_report.txt
hf_nk_babylm_zho_qwen2_bpe,Qwen2 BPE,Qwen2,BPE,Chinese zero-shot,hanzi_pinyin,class1_rhyme_diff_freqgap_balanced,field_accuracy,accuracy,0.826,False,locally_scored,1.0,,,results/eval/chinese_pipeline/hf_nk_babylm_zho_qwen2_bpe/main/zero_shot/causal/hanzi_pinyin/hanzi_pinyin/best_temperature_report.txt
hf_nk_babylm_zho_qwen2_bpe,Qwen2 BPE,Qwen2,BPE,Chinese zero-shot,hanzi_pinyin,class1_tone_diff_freqgap_balanced,field_accuracy,accuracy,0.73,False,locally_scored,1.0,,,results/eval/chinese_pipeline/hf_nk_babylm_zho_qwen2_bpe/main/zero_shot/causal/hanzi_pinyin/hanzi_pinyin/best_temperature_report.txt
hf_nk_babylm_zho_qwen2_bpe,Qwen2 BPE,Qwen2,BPE,Chinese zero-shot,hanzi_pinyin,class1_disjoint_freqgap_balanced,uid_accuracy,accuracy,0.754,False,locally_scored,1.0,,,results/eval/chinese_pipeline/hf_nk_babylm_zho_qwen2_bpe/main/zero_shot/causal/hanzi_pinyin/hanzi_pinyin/best_temperature_report.txt
hf_nk_babylm_zho_qwen2_bpe,Qwen2 BPE,Qwen2,BPE,Chinese zero-shot,hanzi_pinyin,class1_initial_diff_freqgap_balanced,uid_accuracy,accuracy,0.754,False,locally_scored,1.0,,,results/eval/chinese_pipeline/hf_nk_babylm_zho_qwen2_bpe/main/zero_shot/causal/hanzi_pinyin/hanzi_pinyin/best_temperature_report.txt
hf_nk_babylm_zho_qwen2_bpe,Qwen2 BPE,Qwen2,BPE,Chinese zero-shot,hanzi_pinyin,class1_rhyme_diff_freqgap_balanced,uid_accuracy,accuracy,0.826,False,locally_scored,1.0,,,results/eval/chinese_pipeline/hf_nk_babylm_zho_qwen2_bpe/main/zero_shot/causal/hanzi_pinyin/hanzi_pinyin/best_temperature_report.txt
hf_nk_babylm_zho_qwen2_bpe,Qwen2 BPE,Qwen2,BPE,Chinese zero-shot,hanzi_pinyin,class1_tone_diff_freqgap_balanced,uid_accuracy,accuracy,0.73,False,locally_scored,1.0,,,results/eval/chinese_pipeline/hf_nk_babylm_zho_qwen2_bpe/main/zero_shot/causal/hanzi_pinyin/hanzi_pinyin/best_temperature_report.txt
hf_nk_babylm_zho_qwen2_bpe,Qwen2 BPE,Qwen2,BPE,Chinese zero-shot,hanzi_pinyin,class1_disjoint_freqgap_balanced,linguistics_term_accuracy,accuracy,0.754,False,locally_scored,1.0,,,results/eval/chinese_pipeline/hf_nk_babylm_zho_qwen2_bpe/main/zero_shot/causal/hanzi_pinyin/hanzi_pinyin/best_temperature_report.txt
hf_nk_babylm_zho_qwen2_bpe,Qwen2 BPE,Qwen2,BPE,Chinese zero-shot,hanzi_pinyin,class1_initial_diff_freqgap_balanced,linguistics_term_accuracy,accuracy,0.754,False,locally_scored,1.0,,,results/eval/chinese_pipeline/hf_nk_babylm_zho_qwen2_bpe/main/zero_shot/causal/hanzi_pinyin/hanzi_pinyin/best_temperature_report.txt
hf_nk_babylm_zho_qwen2_bpe,Qwen2 BPE,Qwen2,BPE,Chinese zero-shot,hanzi_pinyin,class1_rhyme_diff_freqgap_balanced,linguistics_term_accuracy,accuracy,0.826,False,locally_scored,1.0,,,results/eval/chinese_pipeline/hf_nk_babylm_zho_qwen2_bpe/main/zero_shot/causal/hanzi_pinyin/hanzi_pinyin/best_temperature_report.txt
hf_nk_babylm_zho_qwen2_bpe,Qwen2 BPE,Qwen2,BPE,Chinese zero-shot,hanzi_pinyin,class1_tone_diff_freqgap_balanced,linguistics_term_accuracy,accuracy,0.73,False,locally_scored,1.0,,,results/eval/chinese_pipeline/hf_nk_babylm_zho_qwen2_bpe/main/zero_shot/causal/hanzi_pinyin/hanzi_pinyin/best_temperature_report.txt
hf_nk_babylm_zho_qwen2_bpe,Qwen2 BPE,Qwen2,BPE,Chinese zero-shot,hanzi_pinyin,aggregate,average_accuracy,accuracy,0.7659999999999999,True,locally_scored,1.0,,,results/eval/chinese_pipeline/hf_nk_babylm_zho_qwen2_bpe/main/zero_shot/causal/hanzi_pinyin/hanzi_pinyin/best_temperature_report.txt
hf_nk_babylm_zho_qwen2_bpe,Qwen2 BPE,Qwen2,BPE,Chinese fine-tune,afqmc,zh,evaluation,accuracy,0.6902224281742354,True,locally_scored,,,,results/eval/chinese_pipeline/hf_nk_babylm_zho_qwen2_bpe/main/finetune/afqmc/results.txt
hf_nk_babylm_zho_qwen2_bpe,Qwen2 BPE,Qwen2,BPE,Chinese fine-tune,afqmc,zh,evaluation,f1,0.008895478131949592,False,locally_scored,,,,results/eval/chinese_pipeline/hf_nk_babylm_zho_qwen2_bpe/main/finetune/afqmc/results.txt
hf_nk_babylm_zho_qwen2_bpe,Qwen2 BPE,Qwen2,BPE,Chinese fine-tune,afqmc,zh,evaluation,mcc,0.025733021412560855,False,locally_scored,,,,results/eval/chinese_pipeline/hf_nk_babylm_zho_qwen2_bpe/main/finetune/afqmc/results.txt
hf_nk_babylm_zho_qwen2_bpe,Qwen2 BPE,Qwen2,BPE,Chinese fine-tune,ocnli,zh,evaluation,accuracy,0.6115254237288136,True,locally_scored,,,,results/eval/chinese_pipeline/hf_nk_babylm_zho_qwen2_bpe/main/finetune/ocnli/results.txt
hf_nk_babylm_zho_qwen2_bpe,Qwen2 BPE,Qwen2,BPE,Chinese fine-tune,tnews,zh,evaluation,accuracy,0.5103,True,locally_scored,,,,results/eval/chinese_pipeline/hf_nk_babylm_zho_qwen2_bpe/main/finetune/tnews/results.txt
hf_nk_babylm_zho_qwen2_bpe,Qwen2 BPE,Qwen2,BPE,Chinese fine-tune,cluewsc2020,zh,evaluation,accuracy,0.631578947368421,True,locally_scored,,,,results/eval/chinese_pipeline/hf_nk_babylm_zho_qwen2_bpe/main/finetune/cluewsc2020/results.txt
hf_nk_babylm_zho_qwen2_bpe,Qwen2 BPE,Qwen2,BPE,Chinese fine-tune,cluewsc2020,zh,evaluation,f1,0.7741935483870968,False,locally_scored,,,,results/eval/chinese_pipeline/hf_nk_babylm_zho_qwen2_bpe/main/finetune/cluewsc2020/results.txt
hf_nk_babylm_zho_qwen2_bpe,Qwen2 BPE,Qwen2,BPE,Chinese fine-tune,cluewsc2020,zh,evaluation,mcc,-0.04356738772140444,False,locally_scored,,,,results/eval/chinese_pipeline/hf_nk_babylm_zho_qwen2_bpe/main/finetune/cluewsc2020/results.txt
hf_nk_babylm_zho_qwen2_bpe,Qwen2 BPE,Qwen2,BPE,CogBench,word_fmri,aggregate,aggregate,mean,0.5462044918318151,True,locally_scored,,6,False,results/eval/chinese_pipeline/hf_nk_babylm_zho_qwen2_bpe/main/cogbench/word_fmri/cogbench_word_fmri_hf_nk_babylm_zho_qwen2_bpe_report.json
hf_nk_babylm_zho_qwen2_bpe,Qwen2 BPE,Qwen2,BPE,CogBench,word_fmri,aggregate,aggregate,min,0.5062800973968168,False,locally_scored,,6,False,results/eval/chinese_pipeline/hf_nk_babylm_zho_qwen2_bpe/main/cogbench/word_fmri/cogbench_word_fmri_hf_nk_babylm_zho_qwen2_bpe_report.json
hf_nk_babylm_zho_qwen2_bpe,Qwen2 BPE,Qwen2,BPE,CogBench,word_fmri,aggregate,aggregate,max,0.5966431531945701,False,locally_scored,,6,False,results/eval/chinese_pipeline/hf_nk_babylm_zho_qwen2_bpe/main/cogbench/word_fmri/cogbench_word_fmri_hf_nk_babylm_zho_qwen2_bpe_report.json
hf_nk_babylm_zho_qwen2_bpe,Qwen2 BPE,Qwen2,BPE,CogBench,fmri,aggregate,aggregate,mean,0.0802971667366959,True,locally_scored,,36,False,results/eval/chinese_pipeline/hf_nk_babylm_zho_qwen2_bpe/main/cogbench/fmri/cogbench_fmri_hf_nk_babylm_zho_qwen2_bpe_report.json
hf_nk_babylm_zho_qwen2_bpe,Qwen2 BPE,Qwen2,BPE,CogBench,fmri,aggregate,aggregate,min,0.006749667778327969,False,locally_scored,,36,False,results/eval/chinese_pipeline/hf_nk_babylm_zho_qwen2_bpe/main/cogbench/fmri/cogbench_fmri_hf_nk_babylm_zho_qwen2_bpe_report.json
hf_nk_babylm_zho_qwen2_bpe,Qwen2 BPE,Qwen2,BPE,CogBench,fmri,aggregate,aggregate,max,0.19137744737421944,False,locally_scored,,36,False,results/eval/chinese_pipeline/hf_nk_babylm_zho_qwen2_bpe/main/cogbench/fmri/cogbench_fmri_hf_nk_babylm_zho_qwen2_bpe_report.json
